CIC;FCT_COMERCIAL;ID_DNI;varchar;10;1;
CIC;FCT_COMERCIAL;ID_PIDM;varchar;10;1;
CIC;FCT_COMERCIAL;ID_SECCION;varchar;80;1;
CIC;FCT_COMERCIAL;ID_PERIODO;varchar;10;1;
CIC;FCT_COMERCIAL;DES_ESCUELA;varchar;80;1;
CIC;FCT_COMERCIAL;NRO_CICLO;int;4;1;
CIC;FCT_COMERCIAL;DES_MODALIDAD_IDIOMA;varchar;80;1;
CIC;FCT_COMERCIAL;ID_CAMPUS_ATENDEDOR;varchar;5;1;
CIC;FCT_COMERCIAL;ID_PIDM_ATENDEDOR;varchar;80;1;
CIC;FCT_COMERCIAL;FEC_INSCRITO;datetime;8;1;
CIC;FCT_COMERCIAL;FEC_CARGO;datetime;8;1;
CIC;FCT_COMERCIAL;ID_ABONO;decimal;9;1;
CIC;FCT_COMERCIAL;FEC_CREACION;datetime;8;1;
CIC;FCT_COMERCIAL;USR_CREACION;varchar;80;1;
CIC;FCT_COMERCIAL;SRV_CREACION;varchar;80;1;
CIC;FCT_COMERCIAL;FEC_ACTUALIZACION;datetime;8;1;
CIC;FCT_COMERCIAL;USR_ACTUALIZACION;varchar;80;1;
CIC;FCT_COMERCIAL;SRV_ACTUALIZACION;varchar;80;1;
CIC;FCT_COMERCIAL;COD_PROCESO;uniqueidentifier;16;1;
CIC;FCT_COMERCIAL;COD_DEPARTAMENTO;varchar;10;1;
CIC;FCT_COMERCIAL;COD_PROVINCIA;varchar;10;1;
CIC;FCT_COMERCIAL;COD_DISTRITO;varchar;10;1;
CIC;FCT_COMERCIAL;DES_TIPO_VENTA;varchar;30;1;
CIC;FCT_COMERCIAL;DES_TIPO_CLIENTE;varchar;30;1;
CIC;FCT_COMERCIAL;FEC_INSCRIPCION;datetime;8;1;
CIC;FCT_COMERCIAL;FEC_VISITA;datetime;8;1;
CIC;FCT_DESERTOR;ID_PERSONA;numeric;9;1;
CIC;FCT_DESERTOR;ID_DEPENDENCIA;numeric;9;1;
CIC;FCT_DESERTOR;ID_CAMPUS;numeric;9;1;
CIC;FCT_DESERTOR;ID_NIVEL;numeric;9;1;
CIC;FCT_DESERTOR;ID_ESCUELA;numeric;9;1;
CIC;FCT_DESERTOR;ID_FECHAINI;numeric;9;1;
CIC;FCT_DESERTOR;ID_FECHAFIN;numeric;9;1;
CIC;FCT_DESERTOR;IDPERACAD;varchar;80;1;
CIC;FCT_DESERTOR;DIAS_ATRASO;int;4;1;
CIC;FCT_DESERTOR;TIPO_ATRASO;varchar;80;1;
CIC;FCT_DESERTOR;ID_CICLO;varchar;80;1;
CIC;FCT_DESERTOR;FEC_CREACION;datetime;8;1;
CIC;FCT_DESERTOR;USR_CREACION;varchar;80;1;
CIC;FCT_DESERTOR;SRV_CREACION;varchar;80;1;
CIC;FCT_DESERTOR;FEC_ACTUALIZACION;datetime;8;1;
CIC;FCT_DESERTOR;USR_ACTUALIZACION;varchar;80;1;
CIC;FCT_DESERTOR;SRV_ACTUALIZACION;varchar;80;1;
CIC;FCT_DESERTOR;COD_PROCESO;uniqueidentifier;16;1;
CIC;FCT_INGRESOS;ID_PERIODO;numeric;9;1;
CIC;FCT_INGRESOS;ID_DEPENDENCIA;numeric;9;1;
CIC;FCT_INGRESOS;ID_PERSONA;numeric;9;1;
CIC;FCT_INGRESOS;ID_TIEMPO;numeric;9;1;
CIC;FCT_INGRESOS;ID_ESCUELA;numeric;9;1;
CIC;FCT_INGRESOS;COD_CONCEPTO;varchar;80;1;
CIC;FCT_INGRESOS;COD_CUENTA;varchar;80;1;
CIC;FCT_INGRESOS;COD_SECCION_C;varchar;80;1;
CIC;FCT_INGRESOS;MONTO;float;8;1;
CIC;FCT_INGRESOS;DESCRIPCION;varchar;300;1;
CIC;FCT_INGRESOS;COD_CENTRO_COSTO;varchar;80;1;
CIC;FCT_INGRESOS;DES_CENTRO_COSTO;varchar;300;1;
CIC;FCT_INGRESOS;COD_SERVICIO;varchar;80;1;
CIC;FCT_INGRESOS;DES_SERVICIO;varchar;300;1;
CIC;FCT_INGRESOS;COD_UNIDAD_NEGOCIO;varchar;80;1;
CIC;FCT_INGRESOS;DES_UNIDAD_NEGOCIO;varchar;300;1;
CIC;FCT_INGRESOS;FEC_CREACION;datetime;8;1;
CIC;FCT_INGRESOS;USR_CREACION;varchar;80;1;
CIC;FCT_INGRESOS;SRV_CREACION;varchar;80;1;
CIC;FCT_INGRESOS;FEC_ACTUALIZACION;datetime;8;1;
CIC;FCT_INGRESOS;USR_ACTUALIZACION;varchar;80;1;
CIC;FCT_INGRESOS;SRV_ACTUALIZACION;varchar;80;1;
CIC;FCT_INGRESOS;COD_PROCESO;uniqueidentifier;16;1;
CIC;FCT_MOROSIDAD;ID_PERSONA;numeric;9;1;
CIC;FCT_MOROSIDAD;ID_DEPENDENCIA;numeric;9;1;
CIC;FCT_MOROSIDAD;ID_CAMPUS;numeric;9;1;
CIC;FCT_MOROSIDAD;ID_PERIODO;numeric;9;1;
CIC;FCT_MOROSIDAD;ID_FACULTAD;numeric;9;1;
CIC;FCT_MOROSIDAD;ID_ESCUELA;numeric;9;1;
CIC;FCT_MOROSIDAD;ID_SECCION;varchar;80;1;
CIC;FCT_MOROSIDAD;ID_TIPO;varchar;80;1;
CIC;FCT_MOROSIDAD;ID_TIEMPO_CARGO;numeric;9;1;
CIC;FCT_MOROSIDAD;ID_TIEMPO_CANCELACION;numeric;9;1;
CIC;FCT_MOROSIDAD;ID_TIEMPO_DEUDA;numeric;9;1;
CIC;FCT_MOROSIDAD;ID_TIEMPO_VIGENTE_DEUDA;numeric;9;1;
CIC;FCT_MOROSIDAD;NRO_CUOTA;varchar;30;1;
CIC;FCT_MOROSIDAD;CARGO;decimal;9;1;
CIC;FCT_MOROSIDAD;ABONO;decimal;9;1;
CIC;FCT_MOROSIDAD;DEUDA;decimal;9;1;
CIC;FCT_MOROSIDAD;ACTIVOS;int;4;1;
CIC;FCT_MOROSIDAD;DEUDORES;int;4;1;
CIC;FCT_MOROSIDAD;FEC_CREACION;datetime;8;1;
CIC;FCT_MOROSIDAD;USR_CREACION;varchar;80;1;
CIC;FCT_MOROSIDAD;SRV_CREACION;varchar;80;1;
CIC;FCT_MOROSIDAD;FEC_ACTUALIZACION;datetime;8;1;
CIC;FCT_MOROSIDAD;USR_ACTUALIZACION;varchar;80;1;
CIC;FCT_MOROSIDAD;SRV_ACTUALIZACION;varchar;80;1;
CIC;FCT_MOROSIDAD;COD_PROCESO;uniqueidentifier;16;1;
CIC;FCT_REINCORPORADO;IDAlumno;varchar;80;1;
CIC;FCT_REINCORPORADO;Pidm;varchar;80;1;
CIC;FCT_REINCORPORADO;IDSeccionC;varchar;80;1;
CIC;FCT_REINCORPORADO;ID_FecInic;varchar;80;1;
CIC;FCT_REINCORPORADO;ID_FecFin;varchar;80;1;
CIC;FCT_REINCORPORADO;ID_FecInicReal;varchar;80;1;
CIC;FCT_REINCORPORADO;ID_FecFincReal;varchar;80;1;
CIC;FCT_REINCORPORADO;ID_fechamat;varchar;80;1;
CIC;FCT_REINCORPORADO;IDEscuela;varchar;80;1;
CIC;FCT_REINCORPORADO;cicloCIC;varchar;80;1;
CIC;FCT_REINCORPORADO;ID_FechaDs;varchar;80;1;
CIC;FCT_REINCORPORADO;ID_FechaCons;varchar;80;1;
CIC;FCT_REINCORPORADO;notaAprob;varchar;80;1;
CIC;FCT_REINCORPORADO;notaEstudiante;varchar;80;1;
CIC;FCT_REINCORPORADO;estadoNotas;varchar;80;1;
CIC;FCT_REINCORPORADO;DiasDifSeccionAnt;varchar;80;1;
CIC;FCT_REINCORPORADO;IDSeccionCAnterior;varchar;80;1;
CIC;FCT_REINCORPORADO;cicloCICAnterior;varchar;80;1;
CIC;FCT_REINCORPORADO;EstadoNotasAnterior;varchar;80;1;
CIC;FCT_REINCORPORADO;IDSeccionCSiguiente;varchar;80;1;
CIC;FCT_REINCORPORADO;cicloCICSiguiente;varchar;80;1;
CIC;FCT_REINCORPORADO;DiasDifSeccionSig;varchar;80;1;
CIC;FCT_REINCORPORADO;ultSeccion;varchar;80;1;
CIC;FCT_REINCORPORADO;diasDifUltSec;varchar;80;1;
CIC;FCT_REINCORPORADO;reincorporado;varchar;80;1;
CIC;FCT_REINCORPORADO;Reinc_Den_fue;varchar;80;1;
CIC;FCT_REINCORPORADO;rematricula;varchar;80;1;
CIC;FCT_REINCORPORADO;Rem_Den_Fue;varchar;80;1;
CIC;FCT_REINCORPORADO;AplicaCamRein;varchar;80;1;
CIC;FCT_REINCORPORADO;cicloPropuesto;varchar;80;1;
CIC;FCT_REINCORPORADO;estadoMatricula;varchar;80;1;
CIC;FCT_REINCORPORADO;estadoDias;varchar;80;1;
CIC;FCT_REINCORPORADO;cicloPropRemat;varchar;80;1;
CIC;FCT_REINCORPORADO;OrdenFechaCons;int;4;1;
CIC;FCT_REINCORPORADO;FEC_CREACION;datetime;8;1;
CIC;FCT_REINCORPORADO;FEC_ACTUALIZACION;datetime;8;1;
CIC;FCT_REINCORPORADO;USR_ACTUALIZACION;varchar;80;1;
CIC;FCT_REINCORPORADO;SRV_ACTUALIZACION;varchar;80;1;
CIC;FCT_REINCORPORADO;COD_PROCESO;uniqueidentifier;16;1;
CIC;FCT_VISITAS_COMERCIAL;ID_PERIODO;int;4;1;
CIC;FCT_VISITAS_COMERCIAL;ID_PERSONA;varchar;80;1;
CIC;FCT_VISITAS_COMERCIAL;ID_PIDM;varchar;80;1;
CIC;FCT_VISITAS_COMERCIAL;ID_DNI;varchar;80;1;
CIC;FCT_VISITAS_COMERCIAL;ID_CAMPUS_ALUMNO;varchar;5;1;
CIC;FCT_VISITAS_COMERCIAL;DES_ESCUELA;varchar;80;1;
CIC;FCT_VISITAS_COMERCIAL;ID_PIDM_ATENDEDOR;int;4;1;
CIC;FCT_VISITAS_COMERCIAL;ID_CAMPUS_ATENDEDOR;int;4;1;
CIC;FCT_VISITAS_COMERCIAL;FEC_VISITA;datetime;8;1;
CIC;FCT_VISITAS_COMERCIAL;NRO_SEMANA;int;4;1;
CIC;FCT_VISITAS_COMERCIAL;NRO_ORDEN_VISITAS;int;4;1;
CIC;FCT_VISITAS_COMERCIAL;FEC_CREACION;datetime;8;1;
CIC;FCT_VISITAS_COMERCIAL;USR_CREACION;varchar;80;1;
CIC;FCT_VISITAS_COMERCIAL;SRV_CREACION;varchar;80;1;
CIC;FCT_VISITAS_COMERCIAL;FEC_ACTUALIZACION;datetime;8;1;
CIC;FCT_VISITAS_COMERCIAL;USR_ACTUALIZACION;varchar;80;1;
CIC;FCT_VISITAS_COMERCIAL;SRV_ACTUALIZACION;varchar;80;1;
CIC;FCT_VISITAS_COMERCIAL;COD_PROCESO;uniqueidentifier;16;1;
dbo;DIM_ACCESS_INNOVATION_UC;ACCESS_INNOVATION_ID;numeric;9;0;
dbo;DIM_ACCESS_INNOVATION_UC;ID;varchar;80;1;
dbo;DIM_ACCESS_INNOVATION_UC;CORREO;varchar;512;1;
dbo;DIM_ACCESS_INNOVATION_UC;ESTADO;varchar;80;1;
dbo;DIM_ACCESS_INNOVATION_UC;FEC_CREACION;datetime;8;1;
dbo;DIM_ACCESS_INNOVATION_UC;USR_CREACION;varchar;80;1;
dbo;DIM_ACCESS_INNOVATION_UC;SRV_CREACION;varchar;80;1;
dbo;DIM_ACCESS_INNOVATION_UC;FEC_ACTUALIZACION;datetime;8;1;
dbo;DIM_ACCESS_INNOVATION_UC;USR_ACTUALIZACION;varchar;80;1;
dbo;DIM_ACCESS_INNOVATION_UC;SRV_ACTUALIZACION;varchar;80;1;
dbo;DIM_ACCESS_INNOVATION_UC;COD_PROCESO;uniqueidentifier;16;1;
dbo;DIM_ACTIVIDAD;ID_ACTIVIDAD;numeric;9;0;SI
dbo;DIM_ACTIVIDAD;CODIGO_ACTIVIDAD;int;4;1;
dbo;DIM_ACTIVIDAD;NOMBRE_ACTIVIDAD;varchar;250;1;
dbo;DIM_ACTIVIDAD;CREDITOS;int;4;1;
dbo;DIM_ACTIVIDAD;ID_TIPO_ACTIVIDAD;int;4;1;
dbo;DIM_ACTIVIDAD;CODIGO_BANNER;varchar;50;1;
dbo;DIM_ACTIVIDAD;ID_AXI;int;4;1;
dbo;DIM_ACTIVIDAD;FEC_CREACION;datetime;8;1;
dbo;DIM_ACTIVIDAD;USR_CREACION;varchar;80;1;
dbo;DIM_ACTIVIDAD;SRV_CREACION;varchar;80;1;
dbo;DIM_ACTIVIDAD;FEC_ACTUALIZACION;datetime;8;1;
dbo;DIM_ACTIVIDAD;USR_ACTUALIZACION;varchar;80;1;
dbo;DIM_ACTIVIDAD;SRV_ACTUALIZACION;varchar;80;1;
dbo;DIM_ACTIVIDAD;COD_PROCESO;uniqueidentifier;16;1;
dbo;DIM_AGENTE_GENESYS;ID_CALL_AGENTE;numeric;9;0;SI
dbo;DIM_AGENTE_GENESYS;IDAGENT;varchar;250;1;
dbo;DIM_AGENTE_GENESYS;USERNAME;varchar;250;1;
dbo;DIM_AGENTE_GENESYS;TELEPHONE;varchar;250;1;
dbo;DIM_AGENTE_GENESYS;AGENT;varchar;250;1;
dbo;DIM_AGENTE_GENESYS;FEC_CREACION;datetime;8;1;
dbo;DIM_AGENTE_GENESYS;USR_CREACION;varchar;80;1;
dbo;DIM_AGENTE_GENESYS;SRV_CREACION;varchar;80;1;
dbo;DIM_AGENTE_GENESYS;FEC_ACTUALIZACION;datetime;8;1;
dbo;DIM_AGENTE_GENESYS;USR_ACTUALIZACION;varchar;80;1;
dbo;DIM_AGENTE_GENESYS;SRV_ACTUALIZACION;varchar;80;1;
dbo;DIM_AGENTE_GENESYS;COD_PROCESO;uniqueidentifier;16;1;
dbo;DIM_AMBIENTE;ID_AMBIENTE;numeric;9;0;SI
dbo;DIM_AMBIENTE;COD_AMBIENTE;varchar;80;1;
dbo;DIM_AMBIENTE;FEC_CREACION;datetime;8;1;
dbo;DIM_AMBIENTE;USR_CREACION;varchar;80;1;
dbo;DIM_AMBIENTE;SRV_CREACION;varchar;80;1;
dbo;DIM_AMBIENTE;FEC_ACTUALIZACION;datetime;8;1;
dbo;DIM_AMBIENTE;USR_ACTUALIZACION;varchar;80;1;
dbo;DIM_AMBIENTE;SRV_ACTUALIZACION;varchar;80;1;
dbo;DIM_AMBIENTE;COD_PROCESO;uniqueidentifier;16;1;
dbo;DIM_AMBIENTE_PABELLON_PERIODO;ID_AMBIENTE_PABELLON_PERIODO;numeric;9;0;SI
dbo;DIM_AMBIENTE_PABELLON_PERIODO;DES_PERIODO;varchar;10;1;
dbo;DIM_AMBIENTE_PABELLON_PERIODO;COD_CAMPUS;varchar;10;1;
dbo;DIM_AMBIENTE_PABELLON_PERIODO;DES_CAMPUS;varchar;50;1;
dbo;DIM_AMBIENTE_PABELLON_PERIODO;COD_SITIO;varchar;10;1;
dbo;DIM_AMBIENTE_PABELLON_PERIODO;DES_SITIO;varchar;30;1;
dbo;DIM_AMBIENTE_PABELLON_PERIODO;DES_TIPO_AMBIENTE;varchar;50;1;
dbo;DIM_AMBIENTE_PABELLON_PERIODO;COD_PABELLON;varchar;50;1;
dbo;DIM_AMBIENTE_PABELLON_PERIODO;DES_PABELLON;varchar;50;1;
dbo;DIM_AMBIENTE_PABELLON_PERIODO;DES_AMBIENTE;varchar;50;1;
dbo;DIM_AMBIENTE_PABELLON_PERIODO;ATR_AMBIENTE;varchar;50;1;
dbo;DIM_AMBIENTE_PABELLON_PERIODO;CAPACIDAD;numeric;9;1;
dbo;DIM_AMBIENTE_PABELLON_PERIODO;DES_ESTADO;varchar;50;1;
dbo;DIM_AMBIENTE_PABELLON_PERIODO;LLAVE;varchar;255;1;
dbo;DIM_AMBIENTE_PABELLON_PERIODO;FEC_CREACION;datetime;8;1;
dbo;DIM_AMBIENTE_PABELLON_PERIODO;USR_CREACION;varchar;80;1;
dbo;DIM_AMBIENTE_PABELLON_PERIODO;SRV_CREACION;varchar;80;1;
dbo;DIM_AMBIENTE_PABELLON_PERIODO;FEC_ACTUALIZACION;datetime;8;1;
dbo;DIM_AMBIENTE_PABELLON_PERIODO;USR_ACTUALIZACION;varchar;80;1;
dbo;DIM_AMBIENTE_PABELLON_PERIODO;SRV_ACTUALIZACION;varchar;80;1;
dbo;DIM_AMBIENTE_PABELLON_PERIODO;COD_PROCESO;uniqueidentifier;16;1;
dbo;DIM_ANIO;ID_ANIO;numeric;9;0;SI
dbo;DIM_ANIO;DES_ANIO;varchar;20;1;
dbo;DIM_ANIO;FEC_CREACION;datetime;8;1;
dbo;DIM_ANIO;USR_CREACION;varchar;80;1;
dbo;DIM_ANIO;SRV_CREACION;varchar;80;1;
dbo;DIM_ANIO;FEC_ACTUALIZACION;datetime;8;1;
dbo;DIM_ANIO;USR_ACTUALIZACION;varchar;80;1;
dbo;DIM_ANIO;SRV_ACTUALIZACION;varchar;80;1;
dbo;DIM_ANIO;COD_PROCESO;uniqueidentifier;16;1;
dbo;DIM_ASESOR_INNOVACION_UC;ASESOR_INNOVACION_ID;numeric;9;0;
dbo;DIM_ASESOR_INNOVACION_UC;ID;varchar;80;1;
dbo;DIM_ASESOR_INNOVACION_UC;NOMBRE;varchar;80;1;
dbo;DIM_ASESOR_INNOVACION_UC;CODIGO;varchar;80;1;
dbo;DIM_ASESOR_INNOVACION_UC;ESTADO;varchar;80;1;
dbo;DIM_ASESOR_INNOVACION_UC;FEC_CREACION;datetime;8;1;
dbo;DIM_ASESOR_INNOVACION_UC;USR_CREACION;varchar;80;1;
dbo;DIM_ASESOR_INNOVACION_UC;SRV_CREACION;varchar;80;1;
dbo;DIM_ASESOR_INNOVACION_UC;FEC_ACTUALIZACION;datetime;8;1;
dbo;DIM_ASESOR_INNOVACION_UC;USR_ACTUALIZACION;varchar;80;1;
dbo;DIM_ASESOR_INNOVACION_UC;SRV_ACTUALIZACION;varchar;80;1;
dbo;DIM_ASESOR_INNOVACION_UC;COD_PROCESO;uniqueidentifier;16;1;
dbo;DIM_ASIGNATURA;ID_ASIGNATURA;numeric;9;0;
dbo;DIM_ASIGNATURA;DES_ASIGNATURA;varchar;80;1;
dbo;DIM_ASIGNATURA;NOMBRE_ASIGNATURA;varchar;150;1;
dbo;DIM_ASIGNATURA;FEC_CREACION;datetime;8;1;
dbo;DIM_ASIGNATURA;USR_CREACION;varchar;80;1;
dbo;DIM_ASIGNATURA;SRV_CREACION;varchar;80;1;
dbo;DIM_ASIGNATURA;FEC_ACTUALIZACION;datetime;8;1;
dbo;DIM_ASIGNATURA;USR_ACTUALIZACION;varchar;80;1;
dbo;DIM_ASIGNATURA;SRV_ACTUALIZACION;varchar;80;1;
dbo;DIM_ASIGNATURA;COD_PROCESO;uniqueidentifier;16;1;
dbo;DIM_BECAS_PRONABEC_IMPACTO;ID_BECA;numeric;9;0;SI
dbo;DIM_BECAS_PRONABEC_IMPACTO;DES_BECA;varchar;80;1;
dbo;DIM_BECAS_PRONABEC_IMPACTO;FEC_CREACION;datetime;8;1;
dbo;DIM_BECAS_PRONABEC_IMPACTO;USR_CREACION;varchar;80;1;
dbo;DIM_BECAS_PRONABEC_IMPACTO;SRV_CREACION;varchar;80;1;
dbo;DIM_BECAS_PRONABEC_IMPACTO;FEC_ACTUALIZACION;datetime;8;1;
dbo;DIM_BECAS_PRONABEC_IMPACTO;USR_ACTUALIZACION;varchar;80;1;
dbo;DIM_BECAS_PRONABEC_IMPACTO;SRV_ACTUALIZACION;varchar;80;1;
dbo;DIM_BECAS_PRONABEC_IMPACTO;COD_PROCESO;uniqueidentifier;16;1;
dbo;DIM_CAMPUS;ID_CAMPUS;numeric;9;0;SI
dbo;DIM_CAMPUS;DES_CAMPUS;varchar;80;1;
dbo;DIM_CAMPUS;FEC_CREACION;datetime;8;1;
dbo;DIM_CAMPUS;USR_CREACION;varchar;80;1;
dbo;DIM_CAMPUS;SRV_CREACION;varchar;80;1;
dbo;DIM_CAMPUS;FEC_ACTUALIZACION;datetime;8;1;
dbo;DIM_CAMPUS;USR_ACTUALIZACION;varchar;80;1;
dbo;DIM_CAMPUS;SRV_ACTUALIZACION;varchar;80;1;
dbo;DIM_CAMPUS;COD_PROCESO;uniqueidentifier;16;1;
dbo;DIM_CATEGORIA_INNOVACION_UC;CATEGORIA_INNOVACION_ID;numeric;9;0;
dbo;DIM_CATEGORIA_INNOVACION_UC;ID;varchar;80;1;
dbo;DIM_CATEGORIA_INNOVACION_UC;NOMBRE;varchar;80;1;
dbo;DIM_CATEGORIA_INNOVACION_UC;CODIGO;varchar;80;1;
dbo;DIM_CATEGORIA_INNOVACION_UC;ESTADO;varchar;80;1;
dbo;DIM_CATEGORIA_INNOVACION_UC;FEC_CREACION;datetime;8;1;
dbo;DIM_CATEGORIA_INNOVACION_UC;USR_CREACION;varchar;80;1;
dbo;DIM_CATEGORIA_INNOVACION_UC;SRV_CREACION;varchar;80;1;
dbo;DIM_CATEGORIA_INNOVACION_UC;FEC_ACTUALIZACION;datetime;8;1;
dbo;DIM_CATEGORIA_INNOVACION_UC;USR_ACTUALIZACION;varchar;80;1;
dbo;DIM_CATEGORIA_INNOVACION_UC;SRV_ACTUALIZACION;varchar;80;1;
dbo;DIM_CATEGORIA_INNOVACION_UC;COD_PROCESO;uniqueidentifier;16;1;
dbo;DIM_CENTROCOSTO;ID_CENTROCOSTO;numeric;9;0;
dbo;DIM_CENTROCOSTO;COD_CENTROCOSTO;varchar;15;1;
dbo;DIM_CENTROCOSTO;DES_CENTROCOSTO;varchar;80;1;
dbo;DIM_CENTROCOSTO;FEC_CREACION;datetime;8;1;
dbo;DIM_CENTROCOSTO;USR_CREACION;varchar;80;1;
dbo;DIM_CENTROCOSTO;SRV_CREACION;varchar;80;1;
dbo;DIM_CENTROCOSTO;FEC_ACTUALIZACION;datetime;8;1;
dbo;DIM_CENTROCOSTO;USR_ACTUALIZACION;varchar;80;1;
dbo;DIM_CENTROCOSTO;SRV_ACTUALIZACION;varchar;80;1;
dbo;DIM_CENTROCOSTO;COD_PROCESO;uniqueidentifier;16;1;
dbo;DIM_CERTIFICACIONES;ID_CERTIFICACIONES;numeric;9;0;SI
dbo;DIM_CERTIFICACIONES;DES_CERTIFICACIONES;varchar;250;1;
dbo;DIM_CERTIFICACIONES;FEC_CREACION;datetime;8;1;
dbo;DIM_CERTIFICACIONES;USR_CREACION;varchar;80;1;
dbo;DIM_CERTIFICACIONES;SRV_CREACION;varchar;80;1;
dbo;DIM_CERTIFICACIONES;FEC_ACTUALIZACION;datetime;8;1;
dbo;DIM_CERTIFICACIONES;USR_ACTUALIZACION;varchar;80;1;
dbo;DIM_CERTIFICACIONES;SRV_ACTUALIZACION;varchar;80;1;
dbo;DIM_CERTIFICACIONES;COD_PROCESO;uniqueidentifier;16;1;
dbo;DIM_CICLO;ID_CICLO;numeric;9;0;SI
dbo;DIM_CICLO;DES_CICLO;varchar;80;1;
dbo;DIM_CICLO;FEC_CREACION;datetime;8;1;
dbo;DIM_CICLO;USR_CREACION;varchar;80;1;
dbo;DIM_CICLO;SRV_CREACION;varchar;80;1;
dbo;DIM_CICLO;FEC_ACTUALIZACION;datetime;8;1;
dbo;DIM_CICLO;USR_ACTUALIZACION;varchar;80;1;
dbo;DIM_CICLO;SRV_ACTUALIZACION;varchar;80;1;
dbo;DIM_CICLO;COD_PROCESO;uniqueidentifier;16;1;
dbo;DIM_CLASIFICACION;ID_CLASIFICACION;numeric;9;0;SI
dbo;DIM_CLASIFICACION;DES_CLASIFICACION;varchar;80;1;
dbo;DIM_CLASIFICACION;FEC_CREACION;datetime;8;1;
dbo;DIM_CLASIFICACION;USR_CREACION;varchar;80;1;
dbo;DIM_CLASIFICACION;SRV_CREACION;varchar;80;1;
dbo;DIM_CLASIFICACION;FEC_ACTUALIZACION;datetime;8;1;
dbo;DIM_CLASIFICACION;USR_ACTUALIZACION;varchar;80;1;
dbo;DIM_CLASIFICACION;SRV_ACTUALIZACION;varchar;80;1;
dbo;DIM_CLASIFICACION;COD_PROCESO;uniqueidentifier;16;1;
dbo;DIM_CLASIFICACION_FACULTAD;ID_CLASIFICACION_FACULTAD;numeric;9;0;SI
dbo;DIM_CLASIFICACION_FACULTAD;DES_CLASIFICACION_FACULTAD;varchar;80;1;
dbo;DIM_CLASIFICACION_FACULTAD;FEC_CREACION;datetime;8;1;
dbo;DIM_CLASIFICACION_FACULTAD;USR_CREACION;varchar;80;1;
dbo;DIM_CLASIFICACION_FACULTAD;SRV_CREACION;varchar;80;1;
dbo;DIM_CLASIFICACION_FACULTAD;FEC_ACTUALIZACION;datetime;8;1;
dbo;DIM_CLASIFICACION_FACULTAD;USR_ACTUALIZACION;varchar;80;1;
dbo;DIM_CLASIFICACION_FACULTAD;SRV_ACTUALIZACION;varchar;80;1;
dbo;DIM_CLASIFICACION_FACULTAD;COD_PROCESO;uniqueidentifier;16;1;
dbo;DIM_COMPETENCIA;ID_COMPETENCIA;numeric;9;0;
dbo;DIM_COMPETENCIA;CODIGO_COMPETENCIA;varchar;200;1;
dbo;DIM_COMPETENCIA;DES_COMPETENCIA;varchar;1000;1;
dbo;DIM_COMPETENCIA;FEC_CREACION;datetime;8;1;
dbo;DIM_COMPETENCIA;USR_CREACION;varchar;80;1;
dbo;DIM_COMPETENCIA;SRV_CREACION;varchar;80;1;
dbo;DIM_COMPETENCIA;FEC_ACTUALIZACION;datetime;8;1;
dbo;DIM_COMPETENCIA;USR_ACTUALIZACION;varchar;80;1;
dbo;DIM_COMPETENCIA;SRV_ACTUALIZACION;varchar;80;1;
dbo;DIM_COMPETENCIA;COD_PROCESO;uniqueidentifier;16;1;
dbo;DIM_CONTACTO_INNOVACION_UC;CONTACTO_INNOVACION_ID;numeric;9;0;
dbo;DIM_CONTACTO_INNOVACION_UC;ID;varchar;80;1;
dbo;DIM_CONTACTO_INNOVACION_UC;IDINNOVACION;varchar;80;1;
dbo;DIM_CONTACTO_INNOVACION_UC;PUEDEPATROCINAR;varchar;80;1;
dbo;DIM_CONTACTO_INNOVACION_UC;PUEDECONTACTAR;varchar;80;1;
dbo;DIM_CONTACTO_INNOVACION_UC;PUEDEREUNIR;varchar;80;1;
dbo;DIM_CONTACTO_INNOVACION_UC;COMENTARIOCONTACTO;varchar;512;1;
dbo;DIM_CONTACTO_INNOVACION_UC;ESTADO;varchar;80;1;
dbo;DIM_CONTACTO_INNOVACION_UC;FEC_CREACION;datetime;8;1;
dbo;DIM_CONTACTO_INNOVACION_UC;USR_CREACION;varchar;80;1;
dbo;DIM_CONTACTO_INNOVACION_UC;SRV_CREACION;varchar;80;1;
dbo;DIM_CONTACTO_INNOVACION_UC;FEC_ACTUALIZACION;datetime;8;1;
dbo;DIM_CONTACTO_INNOVACION_UC;USR_ACTUALIZACION;varchar;80;1;
dbo;DIM_CONTACTO_INNOVACION_UC;SRV_ACTUALIZACION;varchar;80;1;
dbo;DIM_CONTACTO_INNOVACION_UC;COD_PROCESO;uniqueidentifier;16;1;
dbo;DIM_CRITERIO;ID_CRITERIO;numeric;9;0;
dbo;DIM_CRITERIO;CODIGO_CRITERIO;varchar;200;1;
dbo;DIM_CRITERIO;CODIGO_COMPETENCIA;varchar;200;1;
dbo;DIM_CRITERIO;DES_CRITERIO;varchar;5000;1;
dbo;DIM_CRITERIO;FEC_CREACION;datetime;8;1;
dbo;DIM_CRITERIO;USR_CREACION;varchar;80;1;
dbo;DIM_CRITERIO;SRV_CREACION;varchar;80;1;
dbo;DIM_CRITERIO;FEC_ACTUALIZACION;datetime;8;1;
dbo;DIM_CRITERIO;USR_ACTUALIZACION;varchar;80;1;
dbo;DIM_CRITERIO;SRV_ACTUALIZACION;varchar;80;1;
dbo;DIM_CRITERIO;COD_PROCESO;uniqueidentifier;16;1;
dbo;DIM_DEPARTAMENTO;ID_DEPARTAMENTO;numeric;9;0;
dbo;DIM_DEPARTAMENTO;COD_DEPARTAMENTO;varchar;15;1;
dbo;DIM_DEPARTAMENTO;DES_DEPARTAMENTO;varchar;80;1;
dbo;DIM_DEPARTAMENTO;FEC_CREACION;datetime;8;1;
dbo;DIM_DEPARTAMENTO;USR_CREACION;varchar;80;1;
dbo;DIM_DEPARTAMENTO;SRV_CREACION;varchar;80;1;
dbo;DIM_DEPARTAMENTO;FEC_ACTUALIZACION;datetime;8;1;
dbo;DIM_DEPARTAMENTO;USR_ACTUALIZACION;varchar;80;1;
dbo;DIM_DEPARTAMENTO;SRV_ACTUALIZACION;varchar;80;1;
dbo;DIM_DEPARTAMENTO;COD_PROCESO;uniqueidentifier;16;1;
dbo;DIM_DEPENDENCIA;ID_DEPENDENCIA;numeric;9;0;
dbo;DIM_DEPENDENCIA;DES_DEPENDENCIA;varchar;80;1;
dbo;DIM_DEPENDENCIA;FEC_CREACION;datetime;8;1;
dbo;DIM_DEPENDENCIA;USR_CREACION;varchar;80;1;
dbo;DIM_DEPENDENCIA;SRV_CREACION;varchar;80;1;
dbo;DIM_DEPENDENCIA;FEC_ACTUALIZACION;datetime;8;1;
dbo;DIM_DEPENDENCIA;USR_ACTUALIZACION;varchar;80;1;
dbo;DIM_DEPENDENCIA;SRV_ACTUALIZACION;varchar;80;1;
dbo;DIM_DEPENDENCIA;COD_PROCESO;uniqueidentifier;16;1;
dbo;DIM_DIA;ID_DIA;numeric;9;0;SI
dbo;DIM_DIA;DES_DIA;varchar;80;1;
dbo;DIM_DIA;FEC_CREACION;datetime;8;1;
dbo;DIM_DIA;USR_CREACION;varchar;80;1;
dbo;DIM_DIA;SRV_CREACION;varchar;80;1;
dbo;DIM_DIA;FEC_ACTUALIZACION;datetime;8;1;
dbo;DIM_DIA;USR_ACTUALIZACION;varchar;80;1;
dbo;DIM_DIA;SRV_ACTUALIZACION;varchar;80;1;
dbo;DIM_DIA;COD_PROCESO;uniqueidentifier;16;1;
dbo;DIM_DISPONIBILIDAD_INTERNET;ID_DISPONIBILIDAD_INTERNET;numeric;9;0;SI
dbo;DIM_DISPONIBILIDAD_INTERNET;DES_DISPONIBILIDAD_INTERNET;varchar;80;1;
dbo;DIM_DISPONIBILIDAD_INTERNET;FEC_CREACION;datetime;8;1;
dbo;DIM_DISPONIBILIDAD_INTERNET;USR_CREACION;varchar;80;1;
dbo;DIM_DISPONIBILIDAD_INTERNET;SRV_CREACION;varchar;80;1;
dbo;DIM_DISPONIBILIDAD_INTERNET;FEC_ACTUALIZACION;datetime;8;1;
dbo;DIM_DISPONIBILIDAD_INTERNET;USR_ACTUALIZACION;varchar;80;1;
dbo;DIM_DISPONIBILIDAD_INTERNET;SRV_ACTUALIZACION;varchar;80;1;
dbo;DIM_DISPONIBILIDAD_INTERNET;COD_PROCESO;uniqueidentifier;16;1;
dbo;DIM_DOCENTE;ID_DOCENTE;numeric;9;0;
dbo;DIM_DOCENTE;ID_PERSONA;varchar;30;1;
dbo;DIM_DOCENTE;NUMERO_DOCUMENTO;varchar;30;1;
dbo;DIM_DOCENTE;PIDM;varchar;30;1;
dbo;DIM_DOCENTE;TIPO_DOCUMENTO;varchar;40;1;
dbo;DIM_DOCENTE;EMAIL_CORPORATIVO;varchar;150;1;
dbo;DIM_DOCENTE;MAYOR_GRADO_OBTENIDO;varchar;255;1;
dbo;DIM_DOCENTE;UNIVERSIDAD_GRADO;varchar;255;1;
dbo;DIM_DOCENTE;MENCION_GRADO;varchar;255;1;
dbo;DIM_DOCENTE;PAIS_OTORGO;varchar;80;1;
dbo;DIM_DOCENTE;FECHAINGRESO;datetime;8;1;
dbo;DIM_DOCENTE;FECHASALIDA;datetime;8;1;
dbo;DIM_DOCENTE;FEC_CREACION;datetime;8;1;
dbo;DIM_DOCENTE;USR_CREACION;varchar;80;1;
dbo;DIM_DOCENTE;SRV_CREACION;varchar;80;1;
dbo;DIM_DOCENTE;FEC_ACTUALIZACION;datetime;8;1;
dbo;DIM_DOCENTE;USR_ACTUALIZACION;varchar;80;1;
dbo;DIM_DOCENTE;SRV_ACTUALIZACION;varchar;80;1;
dbo;DIM_DOCENTE;COD_PROCESO;uniqueidentifier;16;1;
dbo;DIM_EAP;ID_EAP;numeric;9;0;SI
dbo;DIM_EAP;DES_EAP;varchar;80;1;
dbo;DIM_EAP;FEC_CREACION;datetime;8;1;
dbo;DIM_EAP;USR_CREACION;varchar;80;1;
dbo;DIM_EAP;SRV_CREACION;varchar;80;1;
dbo;DIM_EAP;FEC_ACTUALIZACION;datetime;8;1;
dbo;DIM_EAP;USR_ACTUALIZACION;varchar;80;1;
dbo;DIM_EAP;SRV_ACTUALIZACION;varchar;80;1;
dbo;DIM_EAP;COD_PROCESO;uniqueidentifier;16;1;
dbo;DIM_EJE;ID_EJE;numeric;9;0;
dbo;DIM_EJE;DESCRIPCION_EJE;varchar;150;1;
dbo;DIM_EJE;FEC_CREACION;datetime;8;1;
dbo;DIM_EJE;USR_CREACION;varchar;80;1;
dbo;DIM_EJE;SRV_CREACION;varchar;80;1;
dbo;DIM_EJE;FEC_ACTUALIZACION;datetime;8;1;
dbo;DIM_EJE;USR_ACTUALIZACION;varchar;80;1;
dbo;DIM_EJE;SRV_ACTUALIZACION;varchar;80;1;
dbo;DIM_EJE;COD_PROCESO;uniqueidentifier;16;1;
dbo;DIM_ESCALA;ID_ESCALA;numeric;9;0;SI
dbo;DIM_ESCALA;DES_ESCALA;varchar;80;1;
dbo;DIM_ESCALA;ID_PERIODO_ACADEMICO;numeric;9;0;
dbo;DIM_ESCALA;ORDEN;int;4;1;
dbo;DIM_ESCALA;FEC_CREACION;datetime;8;1;
dbo;DIM_ESCALA;USR_CREACION;varchar;80;1;
dbo;DIM_ESCALA;SRV_CREACION;varchar;80;1;
dbo;DIM_ESCALA;FEC_ACTUALIZACION;datetime;8;1;
dbo;DIM_ESCALA;USR_ACTUALIZACION;varchar;80;1;
dbo;DIM_ESCALA;SRV_ACTUALIZACION;varchar;80;1;
dbo;DIM_ESCALA;COD_PROCESO;uniqueidentifier;16;1;
dbo;DIM_ESCUELA;ID_ESCUELA;numeric;9;0;
dbo;DIM_ESCUELA;DES_ESCUELA;varchar;80;1;
dbo;DIM_ESCUELA;FEC_CREACION;datetime;8;1;
dbo;DIM_ESCUELA;USR_CREACION;varchar;80;1;
dbo;DIM_ESCUELA;SRV_CREACION;varchar;80;1;
dbo;DIM_ESCUELA;FEC_ACTUALIZACION;datetime;8;1;
dbo;DIM_ESCUELA;USR_ACTUALIZACION;varchar;80;1;
dbo;DIM_ESCUELA;SRV_ACTUALIZACION;varchar;80;1;
dbo;DIM_ESCUELA;COD_PROCESO;uniqueidentifier;16;1;
dbo;DIM_ESPECIALIDAD_EMPLEABILIDAD;ID_ESPECIALIDAD_EMPLEABILIDAD;numeric;9;0;SI
dbo;DIM_ESPECIALIDAD_EMPLEABILIDAD;DES_ESPECIALIDAD_EMPLEABILIDAD;varchar;500;1;
dbo;DIM_ESPECIALIDAD_EMPLEABILIDAD;FEC_CREACION;datetime;8;1;
dbo;DIM_ESPECIALIDAD_EMPLEABILIDAD;USR_CREACION;varchar;80;1;
dbo;DIM_ESPECIALIDAD_EMPLEABILIDAD;SRV_CREACION;varchar;80;1;
dbo;DIM_ESPECIALIDAD_EMPLEABILIDAD;FEC_ACTUALIZACION;datetime;8;1;
dbo;DIM_ESPECIALIDAD_EMPLEABILIDAD;USR_ACTUALIZACION;varchar;80;1;
dbo;DIM_ESPECIALIDAD_EMPLEABILIDAD;SRV_ACTUALIZACION;varchar;80;1;
dbo;DIM_ESPECIALIDAD_EMPLEABILIDAD;COD_PROCESO;uniqueidentifier;16;1;
dbo;DIM_ESTADO;ID_ESTADO;numeric;9;0;
dbo;DIM_ESTADO;DES_ESTADO;varchar;80;1;
dbo;DIM_ESTADO;FEC_CREACION;datetime;8;1;
dbo;DIM_ESTADO;USR_CREACION;varchar;80;1;
dbo;DIM_ESTADO;SRV_CREACION;varchar;80;1;
dbo;DIM_ESTADO;FEC_ACTUALIZACION;datetime;8;1;
dbo;DIM_ESTADO;USR_ACTUALIZACION;varchar;80;1;
dbo;DIM_ESTADO;SRV_ACTUALIZACION;varchar;80;1;
dbo;DIM_ESTADO;COD_PROCESO;uniqueidentifier;16;1;
dbo;DIM_ESTADO_PRAC_PRE_PROFESIONAL;ID_ESTADO;int;4;1;
dbo;DIM_ESTADO_PRAC_PRE_PROFESIONAL;DES_ESTADO;varchar;40;1;
dbo;DIM_ESTADO_PRAC_PRE_PROFESIONAL;FEC_CREACION;datetime;8;1;
dbo;DIM_ESTADO_PRAC_PRE_PROFESIONAL;USR_CREACION;varchar;80;1;
dbo;DIM_ESTADO_PRAC_PRE_PROFESIONAL;SRV_CREACION;varchar;80;1;
dbo;DIM_ESTADO_PRAC_PRE_PROFESIONAL;FEC_ACTUALIZACION;datetime;8;1;
dbo;DIM_ESTADO_PRAC_PRE_PROFESIONAL;USR_ACTUALIZACION;varchar;80;1;
dbo;DIM_ESTADO_PRAC_PRE_PROFESIONAL;SRV_ACTUALIZACION;varchar;80;1;
dbo;DIM_ESTADO_PRAC_PRE_PROFESIONAL;COD_PROCESO;uniqueidentifier;16;1;
dbo;DIM_ESTADO_TIPO_ESTUDIANTE;ID_ESTADO_TIPO_ESTUDIANTE;numeric;9;0;
dbo;DIM_ESTADO_TIPO_ESTUDIANTE;DES_TIPO_ESTUDIANTE;varchar;80;1;
dbo;DIM_ESTADO_TIPO_ESTUDIANTE;FEC_CREACION;datetime;8;1;
dbo;DIM_ESTADO_TIPO_ESTUDIANTE;USR_CREACION;varchar;80;1;
dbo;DIM_ESTADO_TIPO_ESTUDIANTE;SRV_CREACION;varchar;80;1;
dbo;DIM_ESTADO_TIPO_ESTUDIANTE;FEC_ACTUALIZACION;datetime;8;1;
dbo;DIM_ESTADO_TIPO_ESTUDIANTE;USR_ACTUALIZACION;varchar;80;1;
dbo;DIM_ESTADO_TIPO_ESTUDIANTE;SRV_ACTUALIZACION;varchar;80;1;
dbo;DIM_ESTADO_TIPO_ESTUDIANTE;COD_PROCESO;uniqueidentifier;16;1;
dbo;DIM_ESTUDIANTE;ID_ESTUDIANTE;numeric;9;0;SI
dbo;DIM_ESTUDIANTE;ID_PERSONA;numeric;9;1;
dbo;DIM_ESTUDIANTE;COD_ESTUDIANTE;numeric;9;1;
dbo;DIM_ESTUDIANTE;ID_EAP;numeric;9;1;
dbo;DIM_ESTUDIANTE;ID_FACULTAD;numeric;9;1;
dbo;DIM_ESTUDIANTE;ID_CAMPUS;numeric;9;1;
dbo;DIM_ESTUDIANTE;ID_MODALIDAD_INGRESO;numeric;9;1;
dbo;DIM_ESTUDIANTE;ID_MODALIDAD_ADMISION;numeric;9;1;
dbo;DIM_ESTUDIANTE;ID_PERIODO_INGRESO;numeric;9;1;
dbo;DIM_ESTUDIANTE;ID_PERIODO_INICIO_ESTUDIO;numeric;9;1;
dbo;DIM_ESTUDIANTE;ID_PERIODO_FIN_ESTUDIO;numeric;9;1;
dbo;DIM_ESTUDIANTE;ID_PERIODO_EGRESO;numeric;9;1;
dbo;DIM_ESTUDIANTE;ID_PERIODO_BACHILLER;numeric;9;1;
dbo;DIM_ESTUDIANTE;ID_PERIODO_TITULACION;numeric;9;1;
dbo;DIM_ESTUDIANTE;FEC_INGRESO;datetime;8;1;
dbo;DIM_ESTUDIANTE;FEC_INICIO_ESTUDIO;datetime;8;1;
dbo;DIM_ESTUDIANTE;FEC_FIN_ESTUDIO;datetime;8;1;
dbo;DIM_ESTUDIANTE;FEC_EGRESO;datetime;8;1;
dbo;DIM_ESTUDIANTE;FEC_BACHILLER;datetime;8;1;
dbo;DIM_ESTUDIANTE;FEC_TITULACION;datetime;8;1;
dbo;DIM_ESTUDIANTE;ESTADO;varchar;80;1;
dbo;DIM_ESTUDIANTE;FEC_CREACION;datetime;8;1;
dbo;DIM_ESTUDIANTE;USR_CREACION;varchar;80;1;
dbo;DIM_ESTUDIANTE;SRV_CREACION;varchar;80;1;
dbo;DIM_ESTUDIANTE;FEC_ACTUALIZACION;datetime;8;1;
dbo;DIM_ESTUDIANTE;USR_ACTUALIZACION;varchar;80;1;
dbo;DIM_ESTUDIANTE;SRV_ACTUALIZACION;varchar;80;1;
dbo;DIM_ESTUDIANTE;COD_PROCESO;uniqueidentifier;16;1;
dbo;DIM_FACULTAD;ID_FACULTAD;numeric;9;0;SI
dbo;DIM_FACULTAD;DES_FACULTAD;varchar;80;1;
dbo;DIM_FACULTAD;FEC_CREACION;datetime;8;1;
dbo;DIM_FACULTAD;USR_CREACION;varchar;80;1;
dbo;DIM_FACULTAD;SRV_CREACION;varchar;80;1;
dbo;DIM_FACULTAD;FEC_ACTUALIZACION;datetime;8;1;
dbo;DIM_FACULTAD;USR_ACTULIZACION;varchar;80;1;
dbo;DIM_FACULTAD;SRV_ACTULIZACION;varchar;80;1;
dbo;DIM_FACULTAD;COD_PROCESO;uniqueidentifier;16;1;
dbo;DIM_FACULTAD_EAP;ID_FACULTAD_EAP;numeric;9;0;SI
dbo;DIM_FACULTAD_EAP;ID_FACULTAD;numeric;9;1;
dbo;DIM_FACULTAD_EAP;ID_EAP;numeric;9;1;
dbo;DIM_FACULTAD_EAP;FEC_CREACION;datetime;8;1;
dbo;DIM_FACULTAD_EAP;USR_CREACION;varchar;80;1;
dbo;DIM_FACULTAD_EAP;SRV_CREACION;varchar;80;1;
dbo;DIM_FACULTAD_EAP;FEC_ACTUALIZACION;datetime;8;1;
dbo;DIM_FACULTAD_EAP;USR_ACTUALIZACION;varchar;80;1;
dbo;DIM_FACULTAD_EAP;SRV_ACTUALIZACION;varchar;80;1;
dbo;DIM_FACULTAD_EAP;COD_PROCESO;uniqueidentifier;16;1;
dbo;DIM_FUNNEL;ID_FUNNEL;numeric;9;0;SI
dbo;DIM_FUNNEL;DES_FUNNEL;varchar;80;1;
dbo;DIM_FUNNEL;FEC_CREACION;datetime;8;1;
dbo;DIM_FUNNEL;USR_CREACION;varchar;80;1;
dbo;DIM_FUNNEL;SRV_CREACION;varchar;80;1;
dbo;DIM_FUNNEL;FEC_ACTUALIZACION;datetime;8;1;
dbo;DIM_FUNNEL;USR_ACTUALIZACION;varchar;80;1;
dbo;DIM_FUNNEL;SRV_ACTUALIZACION;varchar;80;1;
dbo;DIM_FUNNEL;COD_PROCESO;uniqueidentifier;16;1;
dbo;DIM_HORA;ID_HORA;numeric;9;0;SI
dbo;DIM_HORA;HORA_MIN;varchar;20;1;
dbo;DIM_HORA;PROG_HORARIO;varchar;80;1;
dbo;DIM_HORA;FEC_CREACION;datetime;8;1;
dbo;DIM_HORA;USR_CREACION;varchar;80;1;
dbo;DIM_HORA;SRV_CREACION;varchar;80;1;
dbo;DIM_HORA;FEC_ACTUALIZACION;datetime;8;1;
dbo;DIM_HORA;USR_ACTUALIZACION;varchar;80;1;
dbo;DIM_HORA;SRV_ACTUALIZACION;varchar;80;1;
dbo;DIM_HORA;COD_PROCESO;uniqueidentifier;16;1;
dbo;DIM_INTERESADO;ID_INTERESADO;numeric;9;0;SI
dbo;DIM_INTERESADO;ID_CLAVE;varchar;1200;1;
dbo;DIM_INTERESADO;EMAIL;varchar;200;1;
dbo;DIM_INTERESADO;TELEFONO;varchar;80;1;
dbo;DIM_INTERESADO;COD_DOCUMENTO;varchar;80;1;
dbo;DIM_INTERESADO;NOM_COMPLETOS;varchar;350;1;
dbo;DIM_INTERESADO;FEC_CREACION;datetime;8;1;
dbo;DIM_INTERESADO;USR_CREACION;varchar;80;1;
dbo;DIM_INTERESADO;SRV_CREACION;varchar;80;1;
dbo;DIM_INTERESADO;FEC_ACTUALIZACION;datetime;8;1;
dbo;DIM_INTERESADO;USR_ACTUALIZACION;varchar;80;1;
dbo;DIM_INTERESADO;SRV_ACTUALIZACION;varchar;80;1;
dbo;DIM_INTERESADO;COD_PROCESO;uniqueidentifier;16;1;
dbo;DIM_LINEA_INNOVACION_UC;LINEA_INNOVACION_ID;numeric;9;0;
dbo;DIM_LINEA_INNOVACION_UC;ID;varchar;80;1;
dbo;DIM_LINEA_INNOVACION_UC;NOMBRE;varchar;80;1;
dbo;DIM_LINEA_INNOVACION_UC;CODIGO;varchar;80;1;
dbo;DIM_LINEA_INNOVACION_UC;ESTADO;varchar;80;1;
dbo;DIM_LINEA_INNOVACION_UC;FEC_CREACION;datetime;8;1;
dbo;DIM_LINEA_INNOVACION_UC;USR_CREACION;varchar;80;1;
dbo;DIM_LINEA_INNOVACION_UC;SRV_CREACION;varchar;80;1;
dbo;DIM_LINEA_INNOVACION_UC;FEC_ACTUALIZACION;datetime;8;1;
dbo;DIM_LINEA_INNOVACION_UC;USR_ACTUALIZACION;varchar;80;1;
dbo;DIM_LINEA_INNOVACION_UC;SRV_ACTUALIZACION;varchar;80;1;
dbo;DIM_LINEA_INNOVACION_UC;COD_PROCESO;uniqueidentifier;16;1;
dbo;DIM_LINEA_INVESTIGACION;ID_LINEA_INVEST;int;4;1;
dbo;DIM_LINEA_INVESTIGACION;LINEA_INVESTIGACION;varchar;100;1;
dbo;DIM_LINEA_INVESTIGACION;FEC_CREACION;datetime;8;0;
dbo;DIM_LINEA_INVESTIGACION;USR_CREACION;nvarchar;256;1;
dbo;DIM_LINEA_INVESTIGACION;SRV_CREACION;nvarchar;256;1;
dbo;DIM_LINEA_INVESTIGACION;FEC_ACTUALIZACION;datetime;8;1;
dbo;DIM_LINEA_INVESTIGACION;USR_ACTUALIZACION;varchar;80;1;
dbo;DIM_LINEA_INVESTIGACION;SRV_ACTUALIZACION;varchar;80;1;
dbo;DIM_LINEA_INVESTIGACION;COD_PROCESO;uniqueidentifier;16;1;
dbo;DIM_MES;ID_MES;numeric;9;0;SI
dbo;DIM_MES;DES_MES;varchar;20;1;
dbo;DIM_MES;NUM_MES;int;4;1;
dbo;DIM_MES;FEC_CREACION;datetime;8;1;
dbo;DIM_MES;USR_CREACION;varchar;80;1;
dbo;DIM_MES;SRV_CREACION;varchar;80;1;
dbo;DIM_MES;FEC_ACTUALIZACION;datetime;8;1;
dbo;DIM_MES;USR_ACTUALIZACION;varchar;80;1;
dbo;DIM_MES;SRV_ACTUALIZACION;varchar;80;1;
dbo;DIM_MES;COD_PROCESO;varchar;80;1;
dbo;DIM_METODO_ASISTENCIA;ID_METODO_ASISTENCIA;numeric;9;0;SI
dbo;DIM_METODO_ASISTENCIA;DES_METODO_ASISTENCIA;varchar;80;1;
dbo;DIM_METODO_ASISTENCIA;FEC_CREACION;datetime;8;1;
dbo;DIM_METODO_ASISTENCIA;USR_CREACION;varchar;80;1;
dbo;DIM_METODO_ASISTENCIA;SRV_CREACION;varchar;80;1;
dbo;DIM_METODO_ASISTENCIA;FEC_ACTUALIZACION;datetime;8;1;
dbo;DIM_METODO_ASISTENCIA;USR_ACTUALIZACION;varchar;80;1;
dbo;DIM_METODO_ASISTENCIA;SRV_ACTUALIZACION;varchar;80;1;
dbo;DIM_METODO_ASISTENCIA;COD_PROCESO;uniqueidentifier;16;1;
dbo;DIM_MODALIDAD;ID_MODALIDAD;numeric;9;0;SI
dbo;DIM_MODALIDAD;DES_MODALIDAD;varchar;80;1;
dbo;DIM_MODALIDAD;TIP_MODALIDAD;char;1;1;
dbo;DIM_MODALIDAD;FEC_CREACION;datetime;8;1;
dbo;DIM_MODALIDAD;USR_CREACION;varchar;80;1;
dbo;DIM_MODALIDAD;SRV_CREACION;varchar;80;1;
dbo;DIM_MODALIDAD;FEC_ACTUALIZACION;datetime;8;1;
dbo;DIM_MODALIDAD;USR_ACTUALIZACION;varchar;80;1;
dbo;DIM_MODALIDAD;SRV_ACTUALIZACION;varchar;80;1;
dbo;DIM_MODALIDAD;COD_PROCESO;uniqueidentifier;16;1;
dbo;DIM_MODALIDAD_ADMISION;ID_MODALIDAD_ADMISION;numeric;9;0;
dbo;DIM_MODALIDAD_ADMISION;DES_MODALIDAD_ADMISION;varchar;80;1;
dbo;DIM_MODALIDAD_ADMISION;FEC_CREACION;datetime;8;1;
dbo;DIM_MODALIDAD_ADMISION;USR_CREACION;varchar;80;1;
dbo;DIM_MODALIDAD_ADMISION;SRV_CREACION;varchar;80;1;
dbo;DIM_MODALIDAD_ADMISION;FEC_ACTUALIZACION;datetime;8;1;
dbo;DIM_MODALIDAD_ADMISION;USR_ACTUALIZACION;varchar;80;1;
dbo;DIM_MODALIDAD_ADMISION;SRV_ACTUALIZACION;varchar;80;1;
dbo;DIM_MODALIDAD_ADMISION;COD_PROCESO;uniqueidentifier;16;1;
dbo;DIM_MOTIVO_DESEMPLEO;ID_MOTIVO_DESEMPLEO;numeric;9;0;SI
dbo;DIM_MOTIVO_DESEMPLEO;DES_MOTIVO_DESEMPLEO;varchar;500;1;
dbo;DIM_MOTIVO_DESEMPLEO;FEC_CREACION;datetime;8;1;
dbo;DIM_MOTIVO_DESEMPLEO;USR_CREACION;varchar;80;1;
dbo;DIM_MOTIVO_DESEMPLEO;SRV_CREACION;varchar;80;1;
dbo;DIM_MOTIVO_DESEMPLEO;FEC_ACTUALIZACION;datetime;8;1;
dbo;DIM_MOTIVO_DESEMPLEO;USR_ACTUALIZACION;varchar;80;1;
dbo;DIM_MOTIVO_DESEMPLEO;SRV_ACTUALIZACION;varchar;80;1;
dbo;DIM_MOTIVO_DESEMPLEO;COD_PROCESO;uniqueidentifier;16;1;
dbo;DIM_MOTIVO_RANKING_UNIVERSIDAD;ID_MOTIVO_RANKING_UNIVERSIDAD;numeric;9;0;SI
dbo;DIM_MOTIVO_RANKING_UNIVERSIDAD;DES_MOTIVO_RANKING_UNIVERSIDAD;varchar;250;1;
dbo;DIM_MOTIVO_RANKING_UNIVERSIDAD;FEC_CREACION;datetime;8;1;
dbo;DIM_MOTIVO_RANKING_UNIVERSIDAD;USR_CREACION;varchar;80;1;
dbo;DIM_MOTIVO_RANKING_UNIVERSIDAD;SRV_CREACION;varchar;80;1;
dbo;DIM_MOTIVO_RANKING_UNIVERSIDAD;FEC_ACTUALIZACION;datetime;8;1;
dbo;DIM_MOTIVO_RANKING_UNIVERSIDAD;USR_ACTUALIZACION;varchar;80;1;
dbo;DIM_MOTIVO_RANKING_UNIVERSIDAD;SRV_ACTUALIZACION;varchar;80;1;
dbo;DIM_MOTIVO_RANKING_UNIVERSIDAD;COD_PROCESO;uniqueidentifier;16;1;
dbo;DIM_NECESIDAD_ASPIRACION;ID_NECESIDAD;numeric;9;0;
dbo;DIM_NECESIDAD_ASPIRACION;DES_NECESIDAD;varchar;200;1;
dbo;DIM_NECESIDAD_ASPIRACION;FEC_CREACION;datetime;8;1;
dbo;DIM_NECESIDAD_ASPIRACION;USR_CREACION;varchar;80;1;
dbo;DIM_NECESIDAD_ASPIRACION;SRV_CREACION;varchar;80;1;
dbo;DIM_NECESIDAD_ASPIRACION;FEC_ACTUALIZACION;datetime;8;1;
dbo;DIM_NECESIDAD_ASPIRACION;USR_ACTUALIZACION;varchar;80;1;
dbo;DIM_NECESIDAD_ASPIRACION;SRV_ACTUALIZACION;varchar;80;1;
dbo;DIM_NECESIDAD_ASPIRACION;COD_PROCESO;uniqueidentifier;16;1;
dbo;DIM_NIVEL;ID_NIVEL;numeric;9;0;
dbo;DIM_NIVEL;DES_NIVEL;varchar;80;1;
dbo;DIM_NIVEL;FEC_CREACION;datetime;8;1;
dbo;DIM_NIVEL;USR_CREACION;varchar;80;1;
dbo;DIM_NIVEL;SRV_CREACION;varchar;80;1;
dbo;DIM_NIVEL;FEC_ACTUALIZACION;datetime;8;1;
dbo;DIM_NIVEL;USR_ACTUALIZACION;varchar;80;1;
dbo;DIM_NIVEL;SRV_ACTUALIZACION;varchar;80;1;
dbo;DIM_NIVEL;COD_PROCESO;uniqueidentifier;16;1;
dbo;DIM_NIVEL_AVANCE_INNOVACION_UC;NIVEL_AVANCE_INNOVACION_ID;numeric;9;0;
dbo;DIM_NIVEL_AVANCE_INNOVACION_UC;ID;varchar;80;1;
dbo;DIM_NIVEL_AVANCE_INNOVACION_UC;NOMBRE;varchar;80;1;
dbo;DIM_NIVEL_AVANCE_INNOVACION_UC;CODIGO;varchar;80;1;
dbo;DIM_NIVEL_AVANCE_INNOVACION_UC;ESTADO;varchar;80;1;
dbo;DIM_NIVEL_AVANCE_INNOVACION_UC;FEC_CREACION;datetime;8;1;
dbo;DIM_NIVEL_AVANCE_INNOVACION_UC;USR_CREACION;varchar;80;1;
dbo;DIM_NIVEL_AVANCE_INNOVACION_UC;SRV_CREACION;varchar;80;1;
dbo;DIM_NIVEL_AVANCE_INNOVACION_UC;FEC_ACTUALIZACION;datetime;8;1;
dbo;DIM_NIVEL_AVANCE_INNOVACION_UC;USR_ACTUALIZACION;varchar;80;1;
dbo;DIM_NIVEL_AVANCE_INNOVACION_UC;SRV_ACTUALIZACION;varchar;80;1;
dbo;DIM_NIVEL_AVANCE_INNOVACION_UC;COD_PROCESO;uniqueidentifier;16;1;
dbo;DIM_NIVEL_EDUCATIVO;ID_NIVEL_EDUCATIVO;numeric;9;0;SI
dbo;DIM_NIVEL_EDUCATIVO;DES_NIVEL_EDUCATIVO;varchar;80;1;
dbo;DIM_NIVEL_EDUCATIVO;FEC_CREACION;datetime;8;1;
dbo;DIM_NIVEL_EDUCATIVO;USR_CREACION;varchar;80;1;
dbo;DIM_NIVEL_EDUCATIVO;SRV_CREACION;varchar;80;1;
dbo;DIM_NIVEL_EDUCATIVO;FEC_ACTUALIZACION;datetime;8;1;
dbo;DIM_NIVEL_EDUCATIVO;USR_ACTUALIZACION;varchar;80;1;
dbo;DIM_NIVEL_EDUCATIVO;SRV_ACTUALIZACION;varchar;80;1;
dbo;DIM_NIVEL_EDUCATIVO;COD_PROCESO;uniqueidentifier;16;1;
dbo;DIM_NRC;ID_NRC;numeric;9;0;SI
dbo;DIM_NRC;DES_NRC;varchar;80;1;
dbo;DIM_NRC;FEC_CREACION;datetime;8;1;
dbo;DIM_NRC;USR_CREACION;varchar;80;1;
dbo;DIM_NRC;SRV_CREACION;varchar;80;1;
dbo;DIM_NRC;FEC_ACTUALIZACION;datetime;8;1;
dbo;DIM_NRC;USR_ACTUALIZACION;varchar;80;1;
dbo;DIM_NRC;SRV_ACTUALIZACION;varchar;80;1;
dbo;DIM_NRC;COD_PROCESO;uniqueidentifier;16;1;
dbo;DIM_OBJ_DES;ID_ODS;int;4;1;
dbo;DIM_OBJ_DES;DESC_OBJ;varchar;100;1;
dbo;DIM_OBJ_DES;FEC_CREACION;datetime;8;0;
dbo;DIM_OBJ_DES;USR_CREACION;nvarchar;256;1;
dbo;DIM_OBJ_DES;SRV_CREACION;nvarchar;256;1;
dbo;DIM_OBJ_DES;FEC_ACTUALIZACION;datetime;8;1;
dbo;DIM_OBJ_DES;USR_ACTUALIZACION;varchar;80;1;
dbo;DIM_OBJ_DES;SRV_ACTUALIZACION;varchar;80;1;
dbo;DIM_OBJ_DES;COD_PROCESO;uniqueidentifier;16;1;
dbo;DIM_PABELLON;ID_PABELLON;numeric;9;0;SI
dbo;DIM_PABELLON;DES_PABELLON;varchar;80;1;
dbo;DIM_PABELLON;FEC_CREACION;datetime;8;1;
dbo;DIM_PABELLON;USR_CREACION;varchar;80;1;
dbo;DIM_PABELLON;SRV_CREACION;varchar;80;1;
dbo;DIM_PABELLON;FEC_ACTUALIZACION;datetime;8;1;
dbo;DIM_PABELLON;USR_ACTUALIZACION;varchar;80;1;
dbo;DIM_PABELLON;SRV_ACTUALIZACION;varchar;80;1;
dbo;DIM_PABELLON;COD_PROCESO;uniqueidentifier;16;1;
dbo;DIM_PARTE_PERIODO;ID_PARTE_PERIODO;numeric;9;0;
dbo;DIM_PARTE_PERIODO;DES_PARTE_PERIODO;varchar;80;1;
dbo;DIM_PARTE_PERIODO;FEC_CREACION;datetime;8;1;
dbo;DIM_PARTE_PERIODO;USR_CREACION;varchar;80;1;
dbo;DIM_PARTE_PERIODO;SRV_CREACION;varchar;80;1;
dbo;DIM_PARTE_PERIODO;FEC_ACTUALIZACION;datetime;8;1;
dbo;DIM_PARTE_PERIODO;USR_ACTUALIZACION;varchar;80;1;
dbo;DIM_PARTE_PERIODO;SRV_ACTUALIZACION;varchar;80;1;
dbo;DIM_PARTE_PERIODO;COD_PROCESO;uniqueidentifier;16;1;
dbo;DIM_PERIODO;ID_PERIODO_ACADEMICO;numeric;9;0;SI
dbo;DIM_PERIODO;DES_PERIODO_ACADEMICO;varchar;18;1;
dbo;DIM_PERIODO;TIP_PERIODO;varchar;2;1;
dbo;DIM_PERIODO;FEC_CREACION;datetime;8;1;
dbo;DIM_PERIODO;USR_CREACION;varchar;80;1;
dbo;DIM_PERIODO;SRV_CREACION;varchar;80;1;
dbo;DIM_PERIODO;FEC_ACTUALIZACION;datetime;8;1;
dbo;DIM_PERIODO;USR_ACTUALIZACION;varchar;80;1;
dbo;DIM_PERIODO;SRV_ACTUALIZACION;varchar;80;1;
dbo;DIM_PERIODO;COD_PROCESO;uniqueidentifier;16;1;
dbo;DIM_PERSONA;ID_PERSONA;numeric;9;0;SI
dbo;DIM_PERSONA;COD_DOCUMENTO;varchar;80;1;
dbo;DIM_PERSONA;NOM_COMPLETOS;varchar;300;1;
dbo;DIM_PERSONA;FEC_NACIMIENTO;datetime;8;1;
dbo;DIM_PERSONA;GENERO;varchar;2;1;
dbo;DIM_PERSONA;ID_TIPO_COLEGIO;numeric;9;1;
dbo;DIM_PERSONA;ID_ZONA_COLEGIO;numeric;9;1;
dbo;DIM_PERSONA;ID_UBIGEO_NACIMIENTO;numeric;9;1;
dbo;DIM_PERSONA;FEC_CREACION;datetime;8;1;
dbo;DIM_PERSONA;USR_CREACION;varchar;80;1;
dbo;DIM_PERSONA;SRV_CREACION;varchar;80;1;
dbo;DIM_PERSONA;FEC_ACTUALIZACION;datetime;8;1;
dbo;DIM_PERSONA;USR_ACTUALIZACION;varchar;80;1;
dbo;DIM_PERSONA;SRV_ACTUALIZACION;varchar;80;1;
dbo;DIM_PERSONA;COD_PROCESO;uniqueidentifier;16;1;
dbo;DIM_PERSONA;PIDM;varchar;10;1;
dbo;DIM_PERSONA;ID_UBIGEO_RESIDENCIA;numeric;9;1;
dbo;DIM_PERSONA;ID_UBIGEO_COLEGIO;numeric;9;1;
dbo;DIM_PERSONA;NOM_COLEGIO;varchar;255;1;
dbo;DIM_PERSONA;TELEFONOCASA;varchar;50;1;
dbo;DIM_PERSONA;TELEFONOOFICINA;varchar;30;1;
dbo;DIM_PERSONA;CELULAR;varchar;40;1;
dbo;DIM_PERSONA;TELEFONOREFERENCIA;varchar;50;1;
dbo;DIM_PERSONA;CORREOPERSONAL1;varchar;80;1;
dbo;DIM_PERSONA;CORREOPERSONAL2;varchar;80;1;
dbo;DIM_PERSONA;RPM;varchar;50;1;
dbo;DIM_PERSONA;RPC;varchar;50;1;
dbo;DIM_PERSONA;CORREO_CORPORATIVO;varchar;250;1;
dbo;DIM_PERSONA;ESTCIVIL;varchar;1;1;
dbo;DIM_PERSONA;DIRECCION;varchar;100;1;
dbo;DIM_PERSONA;DIRECCIONREFERENCIA;varchar;100;1;
dbo;DIM_PERSONA;ID_UBIGEOPROC;varchar;20;1;
dbo;DIM_PLAN_ESTUDIO;ID_PLAN_ESTUDIO;numeric;9;0;SI
dbo;DIM_PLAN_ESTUDIO;DES_PLAN_ESTUDIO;varchar;80;1;
dbo;DIM_PLAN_ESTUDIO;FEC_CREACION;datetime;8;1;
dbo;DIM_PLAN_ESTUDIO;USR_CREACION;varchar;80;1;
dbo;DIM_PLAN_ESTUDIO;SRV_CREACION;varchar;80;1;
dbo;DIM_PLAN_ESTUDIO;FEC_ACTUALIZACION;datetime;8;1;
dbo;DIM_PLAN_ESTUDIO;USR_ACTUALIZACION;varchar;80;1;
dbo;DIM_PLAN_ESTUDIO;SRV_ACTUALIZACION;varchar;80;1;
dbo;DIM_PLAN_ESTUDIO;COD_PROCESO;uniqueidentifier;16;1;
dbo;DIM_PLANCUENTA;ID_PLANCUENTA;numeric;9;0;
dbo;DIM_PLANCUENTA;COD_PLANCUENTA;varchar;15;1;
dbo;DIM_PLANCUENTA;DES_PLANCUENTA;varchar;80;1;
dbo;DIM_PLANCUENTA;FEC_CREACION;datetime;8;1;
dbo;DIM_PLANCUENTA;USR_CREACION;varchar;80;1;
dbo;DIM_PLANCUENTA;SRV_CREACION;varchar;80;1;
dbo;DIM_PLANCUENTA;FEC_ACTUALIZACION;datetime;8;1;
dbo;DIM_PLANCUENTA;USR_ACTUALIZACION;varchar;80;1;
dbo;DIM_PLANCUENTA;SRV_ACTUALIZACION;varchar;80;1;
dbo;DIM_PLANCUENTA;COD_PROCESO;uniqueidentifier;16;1;
dbo;DIM_PREGUNTA_GENESYS;ID_PREGUNTA_CALL;numeric;9;0;SI
dbo;DIM_PREGUNTA_GENESYS;IDQUESTION;varchar;250;1;
dbo;DIM_PREGUNTA_GENESYS;QUESTION;varchar;250;1;
dbo;DIM_PREGUNTA_GENESYS;SURVEYTYPE;varchar;250;1;
dbo;DIM_PREGUNTA_GENESYS;FEC_CREACION;datetime;8;1;
dbo;DIM_PREGUNTA_GENESYS;USR_CREACION;varchar;80;1;
dbo;DIM_PREGUNTA_GENESYS;SRV_CREACION;varchar;80;1;
dbo;DIM_PREGUNTA_GENESYS;FEC_ACTUALIZACION;datetime;8;1;
dbo;DIM_PREGUNTA_GENESYS;USR_ACTUALIZACION;varchar;80;1;
dbo;DIM_PREGUNTA_GENESYS;SRV_ACTUALIZACION;varchar;80;1;
dbo;DIM_PREGUNTA_GENESYS;COD_PROCESO;uniqueidentifier;16;1;
dbo;DIM_PRESUPUESTAL;ID_PRESUPUESTAL;numeric;9;0;
dbo;DIM_PRESUPUESTAL;COD_PRESUPUESTAL;varchar;15;1;
dbo;DIM_PRESUPUESTAL;DES_PRESUPUESTAL;varchar;80;1;
dbo;DIM_PRESUPUESTAL;FEC_CREACION;datetime;8;1;
dbo;DIM_PRESUPUESTAL;USR_CREACION;varchar;80;1;
dbo;DIM_PRESUPUESTAL;SRV_CREACION;varchar;80;1;
dbo;DIM_PRESUPUESTAL;FEC_ACTUALIZACION;datetime;8;1;
dbo;DIM_PRESUPUESTAL;USR_ACTUALIZACION;varchar;80;1;
dbo;DIM_PRESUPUESTAL;SRV_ACTUALIZACION;varchar;80;1;
dbo;DIM_PRESUPUESTAL;COD_PROCESO;uniqueidentifier;16;1;
dbo;DIM_PROGRAMA_PERTENENCIA;ID_PROGRAMA;numeric;9;0;
dbo;DIM_PROGRAMA_PERTENENCIA;DES_PROGRAMA;varchar;250;1;
dbo;DIM_PROGRAMA_PERTENENCIA;FEC_CREACION;datetime;8;1;
dbo;DIM_PROGRAMA_PERTENENCIA;USR_CREACION;varchar;80;1;
dbo;DIM_PROGRAMA_PERTENENCIA;SRV_CREACION;varchar;80;1;
dbo;DIM_PROGRAMA_PERTENENCIA;FEC_ACTUALIZACION;datetime;8;1;
dbo;DIM_PROGRAMA_PERTENENCIA;USR_ACTUALIZACION;varchar;80;1;
dbo;DIM_PROGRAMA_PERTENENCIA;SRV_ACTUALIZACION;varchar;80;1;
dbo;DIM_PROGRAMA_PERTENENCIA;COD_PROCESO;uniqueidentifier;16;1;
dbo;DIM_PROPOSITO;ID_PROPOSITO;numeric;9;0;
dbo;DIM_PROPOSITO;COD_PROPOSITO;varchar;15;1;
dbo;DIM_PROPOSITO;DES_PROPOSITO;varchar;80;1;
dbo;DIM_PROPOSITO;FEC_CREACION;datetime;8;1;
dbo;DIM_PROPOSITO;USR_CREACION;varchar;80;1;
dbo;DIM_PROPOSITO;SRV_CREACION;varchar;80;1;
dbo;DIM_PROPOSITO;FEC_ACTUALIZACION;datetime;8;1;
dbo;DIM_PROPOSITO;USR_ACTUALIZACION;varchar;80;1;
dbo;DIM_PROPOSITO;SRV_ACTUALIZACION;varchar;80;1;
dbo;DIM_PROPOSITO;COD_PROCESO;uniqueidentifier;16;1;
dbo;DIM_PROPUESTA_VALOR;ID_PROPUESTA_VALOR;numeric;9;0;
dbo;DIM_PROPUESTA_VALOR;DES_PROPUESTA_VALOR;varchar;200;1;
dbo;DIM_PROPUESTA_VALOR;FEC_CREACION;datetime;8;1;
dbo;DIM_PROPUESTA_VALOR;USR_CREACION;varchar;80;1;
dbo;DIM_PROPUESTA_VALOR;SRV_CREACION;varchar;80;1;
dbo;DIM_PROPUESTA_VALOR;FEC_ACTUALIZACION;datetime;8;1;
dbo;DIM_PROPUESTA_VALOR;USR_ACTUALIZACION;varchar;80;1;
dbo;DIM_PROPUESTA_VALOR;SRV_ACTUALIZACION;varchar;80;1;
dbo;DIM_PROPUESTA_VALOR;COD_PROCESO;uniqueidentifier;16;1;
dbo;DIM_PUBLICACION;ID_PUBLICACION;numeric;9;0;SI
dbo;DIM_PUBLICACION;DES_AUTORES_UC;varchar;-1;1;
dbo;DIM_PUBLICACION;DES_TITULO;varchar;500;1;
dbo;DIM_PUBLICACION;ANIO;int;4;1;
dbo;DIM_PUBLICACION;DES_REVISTA;varchar;500;1;
dbo;DIM_PUBLICACION;DOI;varchar;100;1;
dbo;DIM_PUBLICACION;LINK;varchar;500;1;
dbo;DIM_PUBLICACION;FEC_CREACION;datetime;8;1;
dbo;DIM_PUBLICACION;USR_CREACION;varchar;80;1;
dbo;DIM_PUBLICACION;SRV_CREACION;varchar;80;1;
dbo;DIM_PUBLICACION;FEC_ACTUALIZACION;datetime;8;1;
dbo;DIM_PUBLICACION;USR_ACTUALIZACION;varchar;80;1;
dbo;DIM_PUBLICACION;SRV_ACTUALIZACION;varchar;80;1;
dbo;DIM_PUBLICACION;COD_PROCESO;uniqueidentifier;16;1;
dbo;DIM_RANGO_ETARIO;ID_RANGO_ETARIO;numeric;9;0;SI
dbo;DIM_RANGO_ETARIO;DES_RANGO_ETARIO;varchar;80;1;
dbo;DIM_RANGO_ETARIO;FEC_CREACION;datetime;8;1;
dbo;DIM_RANGO_ETARIO;USR_CREACION;varchar;80;1;
dbo;DIM_RANGO_ETARIO;SRV_CREACION;varchar;80;1;
dbo;DIM_RANGO_ETARIO;FEC_ACTUALIZACION;datetime;8;1;
dbo;DIM_RANGO_ETARIO;USR_ACTUALIZACION;varchar;80;1;
dbo;DIM_RANGO_ETARIO;SRV_ACTUALIZACION;varchar;80;1;
dbo;DIM_RANGO_ETARIO;COD_PROCESO;uniqueidentifier;16;1;
dbo;DIM_RAZONES_ELECCION;ID_RAZON_ELECCION;numeric;9;0;
dbo;DIM_RAZONES_ELECCION;DES_RAZON_ELECCION;varchar;200;1;
dbo;DIM_RAZONES_ELECCION;FEC_CREACION;datetime;8;1;
dbo;DIM_RAZONES_ELECCION;USR_CREACION;varchar;80;1;
dbo;DIM_RAZONES_ELECCION;SRV_CREACION;varchar;80;1;
dbo;DIM_RAZONES_ELECCION;FEC_ACTUALIZACION;datetime;8;1;
dbo;DIM_RAZONES_ELECCION;USR_ACTUALIZACION;varchar;80;1;
dbo;DIM_RAZONES_ELECCION;SRV_ACTUALIZACION;varchar;80;1;
dbo;DIM_RAZONES_ELECCION;COD_PROCESO;uniqueidentifier;16;1;
dbo;DIM_REMUNERACION;ID_REMUNERACION;numeric;9;0;SI
dbo;DIM_REMUNERACION;DES_REMUNERACION;varchar;500;1;
dbo;DIM_REMUNERACION;FEC_CREACION;datetime;8;1;
dbo;DIM_REMUNERACION;USR_CREACION;varchar;80;1;
dbo;DIM_REMUNERACION;SRV_CREACION;varchar;80;1;
dbo;DIM_REMUNERACION;FEC_ACTUALIZACION;datetime;8;1;
dbo;DIM_REMUNERACION;USR_ACTUALIZACION;varchar;80;1;
dbo;DIM_REMUNERACION;SRV_ACTUALIZACION;varchar;80;1;
dbo;DIM_REMUNERACION;COD_PROCESO;uniqueidentifier;16;1;
dbo;DIM_SECTOR_LABORAL;ID_SECTOR_LABORAL;numeric;9;0;SI
dbo;DIM_SECTOR_LABORAL;DES_SECTOR_LABORAL;varchar;500;1;
dbo;DIM_SECTOR_LABORAL;FEC_CREACION;datetime;8;1;
dbo;DIM_SECTOR_LABORAL;USR_CREACION;varchar;80;1;
dbo;DIM_SECTOR_LABORAL;SRV_CREACION;varchar;80;1;
dbo;DIM_SECTOR_LABORAL;FEC_ACTUALIZACION;datetime;8;1;
dbo;DIM_SECTOR_LABORAL;USR_ACTUALIZACION;varchar;80;1;
dbo;DIM_SECTOR_LABORAL;SRV_ACTUALIZACION;varchar;80;1;
dbo;DIM_SECTOR_LABORAL;COD_PROCESO;uniqueidentifier;16;1;
dbo;DIM_SEGMENTACION;ID_SEGMENTACION;numeric;9;0;SI
dbo;DIM_SEGMENTACION;DES_SEGMENTACION;varchar;100;1;
dbo;DIM_SEGMENTACION;PROBABILIDAD_PAGO;decimal;9;1;
dbo;DIM_SEGMENTACION;DES_PROBABILIDAD_PAGO;varchar;50;1;
dbo;DIM_SEGMENTACION;CICLO;int;4;1;
dbo;DIM_SEGMENTACION;FEC_CREACION;datetime;8;1;
dbo;DIM_SEGMENTACION;USR_CREACION;varchar;80;1;
dbo;DIM_SEGMENTACION;SRV_CREACION;varchar;80;1;
dbo;DIM_SEGMENTACION;FEC_ACTUALIZACION;datetime;8;1;
dbo;DIM_SEGMENTACION;USR_ACTUALIZACION;varchar;80;1;
dbo;DIM_SEGMENTACION;SRV_ACTUALIZACION;varchar;80;1;
dbo;DIM_SEGMENTACION;COD_PROCESO;uniqueidentifier;16;1;
dbo;DIM_SEGMENTO_ESTUDIANTE;ID_SEGMENTO_ESTUDIANTE;numeric;9;0;SI
dbo;DIM_SEGMENTO_ESTUDIANTE;DES_SEGMENTO_ESTUDIANTE;varchar;80;1;
dbo;DIM_SEGMENTO_ESTUDIANTE;FEC_CREACION;datetime;8;1;
dbo;DIM_SEGMENTO_ESTUDIANTE;USR_CREACION;varchar;80;1;
dbo;DIM_SEGMENTO_ESTUDIANTE;SRV_CREACION;varchar;80;1;
dbo;DIM_SEGMENTO_ESTUDIANTE;FEC_ACTUALIZACION;datetime;8;1;
dbo;DIM_SEGMENTO_ESTUDIANTE;USR_ACTUALIZACION;varchar;80;1;
dbo;DIM_SEGMENTO_ESTUDIANTE;SRV_ACTUALIZACION;varchar;80;1;
dbo;DIM_SEGMENTO_ESTUDIANTE;COD_PROCESO;uniqueidentifier;16;1;
dbo;DIM_SEMANA;ID_SEMANA;numeric;9;0;SI
dbo;DIM_SEMANA;DES_SEMANA;varchar;80;1;
dbo;DIM_SEMANA;FEC_CREACION;datetime;8;1;
dbo;DIM_SEMANA;USR_CREACION;varchar;80;1;
dbo;DIM_SEMANA;SRV_CREACION;varchar;80;1;
dbo;DIM_SEMANA;FEC_ACTUALIZACION;datetime;8;1;
dbo;DIM_SEMANA;USR_ACTUALIZACION;varchar;80;1;
dbo;DIM_SEMANA;SRV_ACTUALIZACION;varchar;80;1;
dbo;DIM_SEMANA;COD_PROCESO;uniqueidentifier;16;1;
dbo;DIM_SITIO;ID_SITIO;numeric;9;0;SI
dbo;DIM_SITIO;DES_SITIO;varchar;80;1;
dbo;DIM_SITIO;FEC_CREACION;datetime;8;1;
dbo;DIM_SITIO;USR_CREACION;varchar;80;1;
dbo;DIM_SITIO;SRV_CREACION;varchar;80;1;
dbo;DIM_SITIO;FEC_ACTUALIZACION;datetime;8;1;
dbo;DIM_SITIO;USR_ACTUALIZACION;varchar;80;1;
dbo;DIM_SITIO;SRV_ACTUALIZACION;varchar;80;1;
dbo;DIM_SITIO;COD_PROCESO;uniqueidentifier;16;1;
dbo;DIM_TIEMPO;ID_TIEMPO;numeric;9;0;SI
dbo;DIM_TIEMPO;DES_TIEMPO;date;3;1;
dbo;DIM_TIEMPO;FEC_CREACION;datetime;8;1;
dbo;DIM_TIEMPO;USR_CREACION;varchar;80;1;
dbo;DIM_TIEMPO;SRV_CREACION;varchar;80;1;
dbo;DIM_TIEMPO;FEC_ACTUALIZACION;datetime;8;1;
dbo;DIM_TIEMPO;USR_ACTUALIZACION;varchar;80;1;
dbo;DIM_TIEMPO;SRV_ACTUALIZACION;varchar;80;1;
dbo;DIM_TIEMPO;COD_PROCESO;uniqueidentifier;16;1;
dbo;DIM_TIEMPO;ID_ANIO;numeric;9;1;
dbo;DIM_TIEMPO;ID_MES;numeric;9;1;
dbo;DIM_TIEMPO;ID_SEMANA;numeric;9;1;
dbo;DIM_TIEMPO;ID_DIA;numeric;9;1;
dbo;DIM_TIEMPO;DES_SEM_DIA_MES_ANIO;varchar;80;1;
dbo;DIM_TIEMPO_EMPRENDIMIENTO;ID_TIEMPO_EMPRENDIMIENTO;numeric;9;0;SI
dbo;DIM_TIEMPO_EMPRENDIMIENTO;DES_TIEMPO_EMPRENDIMIENTO;varchar;80;1;
dbo;DIM_TIEMPO_EMPRENDIMIENTO;FEC_CREACION;datetime;8;1;
dbo;DIM_TIEMPO_EMPRENDIMIENTO;USR_CREACION;varchar;80;1;
dbo;DIM_TIEMPO_EMPRENDIMIENTO;SRV_CREACION;varchar;80;1;
dbo;DIM_TIEMPO_EMPRENDIMIENTO;FEC_ACTUALIZACION;datetime;8;1;
dbo;DIM_TIEMPO_EMPRENDIMIENTO;USR_ACTULIZACION;varchar;80;1;
dbo;DIM_TIEMPO_EMPRENDIMIENTO;SRV_ACTULIZACION;varchar;80;1;
dbo;DIM_TIEMPO_EMPRENDIMIENTO;COD_PROCESO;uniqueidentifier;16;1;
dbo;DIM_TIPO_AMBIENTE;ID_TIPO_AMBIENTE;numeric;9;0;SI
dbo;DIM_TIPO_AMBIENTE;DES_TIPO_AMBIENTE;varchar;80;1;
dbo;DIM_TIPO_AMBIENTE;FEC_CREACION;datetime;8;1;
dbo;DIM_TIPO_AMBIENTE;USR_CREACION;varchar;80;1;
dbo;DIM_TIPO_AMBIENTE;SRV_CREACION;varchar;80;1;
dbo;DIM_TIPO_AMBIENTE;FEC_ACTUALIZACION;datetime;8;1;
dbo;DIM_TIPO_AMBIENTE;USR_ACTUALIZACION;varchar;80;1;
dbo;DIM_TIPO_AMBIENTE;SRV_ACTUALIZACION;varchar;80;1;
dbo;DIM_TIPO_AMBIENTE;COD_PROCESO;uniqueidentifier;16;1;
dbo;DIM_TIPO_ASIGNATURA;ID_TIPO_ASIGNATURA;numeric;9;0;SI
dbo;DIM_TIPO_ASIGNATURA;DES_TIPO_ASIGNATURA;varchar;80;1;
dbo;DIM_TIPO_ASIGNATURA;FEC_CREACION;datetime;8;1;
dbo;DIM_TIPO_ASIGNATURA;USR_CREACION;varchar;80;1;
dbo;DIM_TIPO_ASIGNATURA;SRV_CREACION;varchar;80;1;
dbo;DIM_TIPO_ASIGNATURA;FEC_ACTUALIZACION;datetime;8;1;
dbo;DIM_TIPO_ASIGNATURA;USR_ACTUALIZACION;varchar;80;1;
dbo;DIM_TIPO_ASIGNATURA;SRV_ACTUALIZACION;varchar;80;1;
dbo;DIM_TIPO_ASIGNATURA;COD_PROCESO;uniqueidentifier;16;1;
dbo;DIM_TIPO_BECA;ID_TIPO_BECA;numeric;9;0;SI
dbo;DIM_TIPO_BECA;DES_TIPO_BECA;varchar;500;1;
dbo;DIM_TIPO_BECA;FEC_CREACION;datetime;8;1;
dbo;DIM_TIPO_BECA;USR_CREACION;varchar;80;1;
dbo;DIM_TIPO_BECA;SRV_CREACION;varchar;80;1;
dbo;DIM_TIPO_BECA;FEC_ACTUALIZACION;datetime;8;1;
dbo;DIM_TIPO_BECA;USR_ACTUALIZACION;varchar;80;1;
dbo;DIM_TIPO_BECA;SRV_ACTUALIZACION;varchar;80;1;
dbo;DIM_TIPO_BECA;COD_PROCESO;uniqueidentifier;16;1;
dbo;DIM_TIPO_BENEFICIO;ID_TIPO_BENEFICIO;numeric;9;0;SI
dbo;DIM_TIPO_BENEFICIO;COD_TIPO_BENEFICIO;varchar;20;1;
dbo;DIM_TIPO_BENEFICIO;DES_TIPO_BENEFICIO;varchar;500;1;
dbo;DIM_TIPO_BENEFICIO;TIPO_BENEFICIO;varchar;50;1;
dbo;DIM_TIPO_BENEFICIO;FEC_CREACION;datetime;8;1;
dbo;DIM_TIPO_BENEFICIO;USR_CREACION;varchar;80;1;
dbo;DIM_TIPO_BENEFICIO;SRV_CREACION;varchar;80;1;
dbo;DIM_TIPO_BENEFICIO;FEC_ACTUALIZACION;datetime;8;1;
dbo;DIM_TIPO_BENEFICIO;USR_ACTUALIZACION;varchar;80;1;
dbo;DIM_TIPO_BENEFICIO;SRV_ACTUALIZACION;varchar;80;1;
dbo;DIM_TIPO_BENEFICIO;COD_PROCESO;uniqueidentifier;16;1;
dbo;DIM_TIPO_COLEGIO;ID_TIPO_COLEGIO;numeric;9;0;SI
dbo;DIM_TIPO_COLEGIO;DES_TIPO_COLEGIO;varchar;80;1;
dbo;DIM_TIPO_COLEGIO;FEC_CREACION;datetime;8;1;
dbo;DIM_TIPO_COLEGIO;USR_CREACION;varchar;80;1;
dbo;DIM_TIPO_COLEGIO;SRV_CREACION;varchar;80;1;
dbo;DIM_TIPO_COLEGIO;FEC_ACTUALIZACION;datetime;8;1;
dbo;DIM_TIPO_COLEGIO;USR_ACTUALIZACION;varchar;80;1;
dbo;DIM_TIPO_COLEGIO;SRV_ACTUALIZACION;varchar;80;1;
dbo;DIM_TIPO_COLEGIO;COD_PROCESO;uniqueidentifier;16;1;
dbo;DIM_TIPO_DESERCION;ID_TIPO_DESERCION;numeric;9;0;
dbo;DIM_TIPO_DESERCION;DES_TIPO_DESERCION;varchar;80;1;
dbo;DIM_TIPO_DESERCION;FEC_CREACION;datetime;8;1;
dbo;DIM_TIPO_DESERCION;USR_CREACION;varchar;80;1;
dbo;DIM_TIPO_DESERCION;SRV_CREACION;varchar;80;1;
dbo;DIM_TIPO_DESERCION;FEC_ACTUALIZACION;datetime;8;1;
dbo;DIM_TIPO_DESERCION;USR_ACTUALIZACION;varchar;80;1;
dbo;DIM_TIPO_DESERCION;SRV_ACTUALIZACION;varchar;80;1;
dbo;DIM_TIPO_DESERCION;COD_PROCESO;uniqueidentifier;16;1;
dbo;DIM_TIPO_DOCENTE_AVATAR;ID_TIPO_DOCENTE_AVATAR;numeric;9;0;
dbo;DIM_TIPO_DOCENTE_AVATAR;DES_TIPO_DOCENTE_AVATAR;varchar;80;1;
dbo;DIM_TIPO_DOCENTE_AVATAR;FEC_CREACION;datetime;8;1;
dbo;DIM_TIPO_DOCENTE_AVATAR;USR_CREACION;varchar;80;1;
dbo;DIM_TIPO_DOCENTE_AVATAR;SRV_CREACION;varchar;80;1;
dbo;DIM_TIPO_DOCENTE_AVATAR;FEC_ACTUALIZACION;datetime;8;1;
dbo;DIM_TIPO_DOCENTE_AVATAR;USR_ACTUALIZACION;varchar;80;1;
dbo;DIM_TIPO_DOCENTE_AVATAR;SRV_ACTUALIZACION;varchar;80;1;
dbo;DIM_TIPO_DOCENTE_AVATAR;COD_PROCESO;uniqueidentifier;16;1;
dbo;DIM_TIPO_EMPRENDIMIENTO;ID_TIPO_EMPRENDIMIENTO;numeric;9;0;SI
dbo;DIM_TIPO_EMPRENDIMIENTO;DES_TIPO_EMPRENDIMIENTO;varchar;80;1;
dbo;DIM_TIPO_EMPRENDIMIENTO;FEC_CREACION;datetime;8;1;
dbo;DIM_TIPO_EMPRENDIMIENTO;USR_CREACION;varchar;80;1;
dbo;DIM_TIPO_EMPRENDIMIENTO;SRV_CREACION;varchar;80;1;
dbo;DIM_TIPO_EMPRENDIMIENTO;FEC_ACTUALIZACION;datetime;8;1;
dbo;DIM_TIPO_EMPRENDIMIENTO;USR_ACTUALIZACION;varchar;80;1;
dbo;DIM_TIPO_EMPRENDIMIENTO;SRV_ACTULIZACION;varchar;80;1;
dbo;DIM_TIPO_EMPRENDIMIENTO;COD_PROCESO;uniqueidentifier;16;1;
dbo;DIM_TIPO_EQUIPO_TECNOLOGICO;ID_TIPO_EQUIPO_TECNOLOGICO;numeric;9;0;SI
dbo;DIM_TIPO_EQUIPO_TECNOLOGICO;DES_TIPO_EQUIPO_TECNOLOGICO;varchar;80;1;
dbo;DIM_TIPO_EQUIPO_TECNOLOGICO;FEC_CREACION;datetime;8;1;
dbo;DIM_TIPO_EQUIPO_TECNOLOGICO;USR_CREACION;varchar;80;1;
dbo;DIM_TIPO_EQUIPO_TECNOLOGICO;SRV_CREACION;varchar;80;1;
dbo;DIM_TIPO_EQUIPO_TECNOLOGICO;FEC_ACTUALIZACION;datetime;8;1;
dbo;DIM_TIPO_EQUIPO_TECNOLOGICO;USR_ACTUALIZACION;varchar;80;1;
dbo;DIM_TIPO_EQUIPO_TECNOLOGICO;SRV_ACTUALIZACION;varchar;80;1;
dbo;DIM_TIPO_EQUIPO_TECNOLOGICO;COD_PROCESO;uniqueidentifier;16;1;
dbo;DIM_TIPO_FINANCIAMIENTO;ID_TIPO_FINANCIAMIENTO;numeric;9;0;SI
dbo;DIM_TIPO_FINANCIAMIENTO;DES_TIPO_FINANCIAMIENTO;varchar;80;1;
dbo;DIM_TIPO_FINANCIAMIENTO;FEC_CREACION;datetime;8;1;
dbo;DIM_TIPO_FINANCIAMIENTO;USR_CREACION;varchar;80;1;
dbo;DIM_TIPO_FINANCIAMIENTO;SRV_CREACION;varchar;80;1;
dbo;DIM_TIPO_FINANCIAMIENTO;FEC_ACTUALIZACION;datetime;8;1;
dbo;DIM_TIPO_FINANCIAMIENTO;USR_ACTUALIZACION;varchar;80;1;
dbo;DIM_TIPO_FINANCIAMIENTO;SRV_ACTUALIZACION;varchar;80;1;
dbo;DIM_TIPO_FINANCIAMIENTO;COD_PROCESO;uniqueidentifier;16;1;
dbo;DIM_TIPO_INNOVACION_UC;TIPO_INNOVACION_ID;numeric;9;0;
dbo;DIM_TIPO_INNOVACION_UC;ID;varchar;80;1;
dbo;DIM_TIPO_INNOVACION_UC;NOMBRE;varchar;80;1;
dbo;DIM_TIPO_INNOVACION_UC;CODIGO;varchar;80;1;
dbo;DIM_TIPO_INNOVACION_UC;ESTADO;varchar;80;1;
dbo;DIM_TIPO_INNOVACION_UC;FEC_CREACION;datetime;8;1;
dbo;DIM_TIPO_INNOVACION_UC;USR_CREACION;varchar;80;1;
dbo;DIM_TIPO_INNOVACION_UC;SRV_CREACION;varchar;80;1;
dbo;DIM_TIPO_INNOVACION_UC;FEC_ACTUALIZACION;datetime;8;1;
dbo;DIM_TIPO_INNOVACION_UC;USR_ACTUALIZACION;varchar;80;1;
dbo;DIM_TIPO_INNOVACION_UC;SRV_ACTUALIZACION;varchar;80;1;
dbo;DIM_TIPO_INNOVACION_UC;COD_PROCESO;uniqueidentifier;16;1;
dbo;DIM_TIPO_PRAC_PRE_PROFESIONAL;ID_TIPOPRACTICA;int;4;1;
dbo;DIM_TIPO_PRAC_PRE_PROFESIONAL;DES_MODALIDADPRACTICA;varchar;80;1;
dbo;DIM_TIPO_PRAC_PRE_PROFESIONAL;DES_TIPOPRACTICA;varchar;80;1;
dbo;DIM_TIPO_PRAC_PRE_PROFESIONAL;FEC_CREACION;datetime;8;1;
dbo;DIM_TIPO_PRAC_PRE_PROFESIONAL;USR_CREACION;varchar;80;1;
dbo;DIM_TIPO_PRAC_PRE_PROFESIONAL;SRV_CREACION;varchar;80;1;
dbo;DIM_TIPO_PRAC_PRE_PROFESIONAL;FEC_ACTUALIZACION;datetime;8;1;
dbo;DIM_TIPO_PRAC_PRE_PROFESIONAL;USR_ACTUALIZACION;varchar;80;1;
dbo;DIM_TIPO_PRAC_PRE_PROFESIONAL;SRV_ACTUALIZACION;varchar;80;1;
dbo;DIM_TIPO_PRAC_PRE_PROFESIONAL;COD_PROCESO;uniqueidentifier;16;1;
dbo;DIM_TIPO_PRINCIPAL;ID_TIPO_PRINCIPAL;int;4;1;
dbo;DIM_TIPO_PRINCIPAL;TIPO_PRINCIPAL;varchar;100;1;
dbo;DIM_TIPO_PRINCIPAL;FEC_CREACION;datetime;8;0;
dbo;DIM_TIPO_PRINCIPAL;USR_CREACION;nvarchar;256;1;
dbo;DIM_TIPO_PRINCIPAL;SRV_CREACION;nvarchar;256;1;
dbo;DIM_TIPO_PRINCIPAL;FEC_ACTUALIZACION;datetime;8;1;
dbo;DIM_TIPO_PRINCIPAL;USR_ACTUALIZACION;varchar;80;1;
dbo;DIM_TIPO_PRINCIPAL;SRV_ACTUALIZACION;varchar;80;1;
dbo;DIM_TIPO_PRINCIPAL;COD_PROCESO;uniqueidentifier;16;1;
dbo;DIM_TIPO_PROGRAMACION;ID_TIPO_PROGRAMACION;numeric;9;0;SI
dbo;DIM_TIPO_PROGRAMACION;DES_TIPO_PROGRAMACION;varchar;80;1;
dbo;DIM_TIPO_PROGRAMACION;FEC_CREACION;datetime;8;1;
dbo;DIM_TIPO_PROGRAMACION;USR_CREACION;varchar;80;1;
dbo;DIM_TIPO_PROGRAMACION;SRV_CREACION;varchar;80;1;
dbo;DIM_TIPO_PROGRAMACION;FEC_ACTUALIZACION;datetime;8;1;
dbo;DIM_TIPO_PROGRAMACION;USR_ACTUALIZACION;varchar;80;1;
dbo;DIM_TIPO_PROGRAMACION;SVR_ACTUALIZACION;varchar;80;1;
dbo;DIM_TIPO_PROGRAMACION;COD_PROCESO;uniqueidentifier;16;1;
dbo;DIM_TIPO_PROYECTO;ID_TIPO_PROYECTO;int;4;1;
dbo;DIM_TIPO_PROYECTO;TIPO_PROYECTO;varchar;100;1;
dbo;DIM_TIPO_PROYECTO;FEC_CREACION;datetime;8;0;
dbo;DIM_TIPO_PROYECTO;USR_CREACION;nvarchar;256;1;
dbo;DIM_TIPO_PROYECTO;SRV_CREACION;nvarchar;256;1;
dbo;DIM_TIPO_PROYECTO;FEC_ACTUALIZACION;datetime;8;1;
dbo;DIM_TIPO_PROYECTO;USR_ACTUALIZACION;varchar;80;1;
dbo;DIM_TIPO_PROYECTO;SRV_ACTUALIZACION;varchar;80;1;
dbo;DIM_TIPO_PROYECTO;COD_PROCESO;uniqueidentifier;16;1;
dbo;DIM_TIPO_SEGMENTACION;ID_TIPO_SEGMENTACION;numeric;9;0;SI
dbo;DIM_TIPO_SEGMENTACION;DES_TIPO_SEGMENTACION;varchar;100;1;
dbo;DIM_TIPO_SEGMENTACION;CALIFICACION;decimal;9;1;
dbo;DIM_TIPO_SEGMENTACION;TIPO;varchar;80;1;
dbo;DIM_TIPO_SEGMENTACION;PORCENTAJE;decimal;9;1;
dbo;DIM_TIPO_SEGMENTACION;FEC_CREACION;datetime;8;1;
dbo;DIM_TIPO_SEGMENTACION;USR_CREACION;varchar;80;1;
dbo;DIM_TIPO_SEGMENTACION;SRV_CREACION;varchar;80;1;
dbo;DIM_TIPO_SEGMENTACION;FEC_ACTUALIZACION;datetime;8;1;
dbo;DIM_TIPO_SEGMENTACION;USR_ACTUALIZACION;varchar;80;1;
dbo;DIM_TIPO_SEGMENTACION;SRV_ACTUALIZACION;varchar;80;1;
dbo;DIM_TIPO_SEGMENTACION;COD_PROCESO;uniqueidentifier;16;1;
dbo;DIM_TIPO_TRABAJO;ID_TIPO_TRABAJO;numeric;9;0;SI
dbo;DIM_TIPO_TRABAJO;DES_TIPO_TRABAJO;varchar;500;1;
dbo;DIM_TIPO_TRABAJO;FEC_CREACION;datetime;8;1;
dbo;DIM_TIPO_TRABAJO;USR_CREACION;varchar;80;1;
dbo;DIM_TIPO_TRABAJO;SRV_CREACION;varchar;80;1;
dbo;DIM_TIPO_TRABAJO;FEC_ACTUALIZACION;datetime;8;1;
dbo;DIM_TIPO_TRABAJO;USR_ACTUALIZACION;varchar;80;1;
dbo;DIM_TIPO_TRABAJO;SRV_ACTUALIZACION;varchar;80;1;
dbo;DIM_TIPO_TRABAJO;COD_PROCESO;uniqueidentifier;16;1;
dbo;DIM_TIPO_VINCULO;ID_TIPO_VINCULO;int;4;1;
dbo;DIM_TIPO_VINCULO;TIPO_VINCULO;varchar;100;1;
dbo;DIM_TIPO_VINCULO;FEC_CREACION;datetime;8;0;
dbo;DIM_TIPO_VINCULO;USR_CREACION;nvarchar;256;1;
dbo;DIM_TIPO_VINCULO;SRV_CREACION;nvarchar;256;1;
dbo;DIM_TIPO_VINCULO;FEC_ACTUALIZACION;datetime;8;1;
dbo;DIM_TIPO_VINCULO;USR_ACTUALIZACION;varchar;80;1;
dbo;DIM_TIPO_VINCULO;SRV_ACTUALIZACION;varchar;80;1;
dbo;DIM_TIPO_VINCULO;COD_PROCESO;uniqueidentifier;16;1;
dbo;DIM_UBIGEO;ID_UBIGEO;numeric;9;0;SI
dbo;DIM_UBIGEO;DES_PAIS;varchar;80;1;
dbo;DIM_UBIGEO;COD_DEPARTAMENTO;varchar;10;1;
dbo;DIM_UBIGEO;DES_DEPARTAMENTO;varchar;80;1;
dbo;DIM_UBIGEO;COD_PROVINCIA;varchar;10;1;
dbo;DIM_UBIGEO;DES_PROVINCIA;varchar;80;1;
dbo;DIM_UBIGEO;COD_DISTRITO;varchar;10;1;
dbo;DIM_UBIGEO;DES_DISTRITO;varchar;80;1;
dbo;DIM_UBIGEO;FEC_CREACION;datetime;8;1;
dbo;DIM_UBIGEO;USR_CREACION;varchar;80;1;
dbo;DIM_UBIGEO;SRV_CREACION;varchar;80;1;
dbo;DIM_UBIGEO;FEC_ACTUALIZACION;datetime;8;1;
dbo;DIM_UBIGEO;USR_ACTUALIZACION;varchar;80;1;
dbo;DIM_UBIGEO;SRV_ACTUALIZACION;varchar;80;1;
dbo;DIM_UBIGEO;COD_PROCESO;uniqueidentifier;16;1;
dbo;DIM_UNIDAD_ORGANIZATIVA;ID_UNI_ORG;int;4;1;
dbo;DIM_UNIDAD_ORGANIZATIVA;UNI_ORGANIZATIVA;varchar;100;1;
dbo;DIM_UNIDAD_ORGANIZATIVA;FEC_CREACION;datetime;8;0;
dbo;DIM_UNIDAD_ORGANIZATIVA;USR_CREACION;nvarchar;256;1;
dbo;DIM_UNIDAD_ORGANIZATIVA;SRV_CREACION;nvarchar;256;1;
dbo;DIM_UNIDAD_ORGANIZATIVA;FEC_ACTUALIZACION;datetime;8;1;
dbo;DIM_UNIDAD_ORGANIZATIVA;USR_ACTUALIZACION;varchar;80;1;
dbo;DIM_UNIDAD_ORGANIZATIVA;SRV_ACTUALIZACION;varchar;80;1;
dbo;DIM_UNIDAD_ORGANIZATIVA;COD_PROCESO;uniqueidentifier;16;1;
dbo;DIM_UNIVERSIDAD;ID_UNIVERSIDAD;numeric;9;0;SI
dbo;DIM_UNIVERSIDAD;DES_UNIVERSIDAD;varchar;80;1;
dbo;DIM_UNIVERSIDAD;FEC_CREACION;datetime;8;1;
dbo;DIM_UNIVERSIDAD;USR_CREACION;varchar;80;1;
dbo;DIM_UNIVERSIDAD;SRV_CREACION;varchar;80;1;
dbo;DIM_UNIVERSIDAD;FEC_ACTUALIZACION;datetime;8;1;
dbo;DIM_UNIVERSIDAD;USR_ACTUALIZACION;varchar;80;1;
dbo;DIM_UNIVERSIDAD;SRV_ACTUALIZACION;varchar;80;1;
dbo;DIM_UNIVERSIDAD;COD_PROCESO;uniqueidentifier;16;1;
dbo;DIM_ZONA_COLEGIO;ID_ZONA_COLEGIO;numeric;9;0;SI
dbo;DIM_ZONA_COLEGIO;DES_ZONA_COLEGIO;varchar;80;1;
dbo;DIM_ZONA_COLEGIO;FEC_CREACION;datetime;8;1;
dbo;DIM_ZONA_COLEGIO;USR_CREACION;varchar;80;1;
dbo;DIM_ZONA_COLEGIO;SRV_CREACION;varchar;80;1;
dbo;DIM_ZONA_COLEGIO;FEC_ACTUALIZACION;datetime;8;1;
dbo;DIM_ZONA_COLEGIO;USR_ACTUALIZACION;varchar;80;1;
dbo;DIM_ZONA_COLEGIO;SRV_ACTUALIZACION;varchar;80;1;
dbo;DIM_ZONA_COLEGIO;COD_PROCESO;uniqueidentifier;16;1;
dbo;FCT_ABANDONO;ID_PERSONA;numeric;9;1;
dbo;FCT_ABANDONO;ID_DEPENDENCIA;numeric;9;1;
dbo;FCT_ABANDONO;ID_CAMPUS;numeric;9;1;
dbo;FCT_ABANDONO;ID_NIVEL;numeric;9;1;
dbo;FCT_ABANDONO;ID_ESCUELA;numeric;9;1;
dbo;FCT_ABANDONO;ID_FECHAINI;numeric;9;1;
dbo;FCT_ABANDONO;ID_FECHAFIN;numeric;9;1;
dbo;FCT_ABANDONO;IDSECCION;varchar;80;1;
dbo;FCT_ABANDONO;IDPERACAD;varchar;80;1;
dbo;FCT_ABANDONO;NROHORASF;int;4;1;
dbo;FCT_ABANDONO;FALTA;int;4;1;
dbo;FCT_ABANDONO;FALTAPORCENTAJEHORA;int;4;1;
dbo;FCT_ABANDONO;FALTAPORCENTAJEF;int;4;1;
dbo;FCT_ABANDONO;INDICADOR;varchar;80;1;
dbo;FCT_ABANDONO;FEC_CREACION;datetime;8;1;
dbo;FCT_ABANDONO;USR_CREACION;varchar;80;1;
dbo;FCT_ABANDONO;SRV_CREACION;varchar;80;1;
dbo;FCT_ABANDONO;FEC_ACTUALIZACION;datetime;8;1;
dbo;FCT_ABANDONO;USR_ACTUALIZACION;varchar;80;1;
dbo;FCT_ABANDONO;SRV_ACTUALIZACION;varchar;80;1;
dbo;FCT_ABANDONO;COD_PROCESO;uniqueidentifier;16;1;
dbo;FCT_ABANDONO;ID_CICLO;varchar;80;1;
dbo;FCT_ABANDONO;TIPO_ATRASO;varchar;80;1;
dbo;FCT_ABANDONO;DIAS_ATRASO;varchar;80;1;
dbo;FCT_ABANDONO;ID_PERSONADOC;varchar;50;1;
dbo;FCT_ABANDONO;OBSNOTAS;varchar;50;1;
dbo;FCT_ABANDONO;HORARIO;varchar;200;1;
dbo;FCT_ABANDONOS_UC;ID_DEPENDENCIA;numeric;9;1;
dbo;FCT_ABANDONOS_UC;ID_PERIODO;numeric;9;1;
dbo;FCT_ABANDONOS_UC;ID_PERSONA;numeric;9;1;
dbo;FCT_ABANDONOS_UC;ID_CAMPUS;numeric;9;1;
dbo;FCT_ABANDONOS_UC;ID_EAP;numeric;9;1;
dbo;FCT_ABANDONOS_UC;ID_MODALIDAD;numeric;9;1;
dbo;FCT_ABANDONOS_UC;ID_FACULTAD;numeric;9;1;
dbo;FCT_ABANDONOS_UC;FECHAMATRICULA;datetime;8;1;
dbo;FCT_ABANDONOS_UC;FECHA;datetime;8;1;
dbo;FCT_ABANDONOS_UC;ESCALA;varchar;80;1;
dbo;FCT_ABANDONOS_UC;MODALIDAD_ADMISION;varchar;80;1;
dbo;FCT_ABANDONOS_UC;CICLOCULMINADO;int;4;1;
dbo;FCT_ABANDONOS_UC;CATALOGO;varchar;20;1;
dbo;FCT_ABANDONOS_UC;ESTADO_INICIAL;varchar;80;1;
dbo;FCT_ABANDONOS_UC;NOTAS;decimal;9;1;
dbo;FCT_ABANDONOS_UC;NUMEROSEMANA;int;4;1;
dbo;FCT_ABANDONOS_UC;ESTATUS_MATRICULA;varchar;12;1;
dbo;FCT_ABANDONOS_UC;GENERO;varchar;15;1;
dbo;FCT_ABANDONOS_UC;TIPOCOLEGIO;varchar;30;1;
dbo;FCT_ABANDONOS_UC;DES_DOCUMENTO;varchar;500;1;
dbo;FCT_ABANDONOS_UC;DES_ESTADO;varchar;-1;1;
dbo;FCT_ABANDONOS_UC;DES_OFICINA;varchar;-1;1;
dbo;FCT_ABANDONOS_UC;FECHA_SOLICITADA;datetime;8;1;
dbo;FCT_ABANDONOS_UC;FECHA_RESOLUCION;datetime;8;1;
dbo;FCT_ABANDONOS_UC;TUTOR;nvarchar;-1;1;
dbo;FCT_ABANDONOS_UC;PROBLEMA;nvarchar;-1;1;
dbo;FCT_ABANDONOS_UC;SUBPROBLEMA;nvarchar;-1;1;
dbo;FCT_ABANDONOS_UC;FEC_CREACION;datetime;8;1;
dbo;FCT_ABANDONOS_UC;USR_CREACION;varchar;80;1;
dbo;FCT_ABANDONOS_UC;SRV_CREACION;varchar;80;1;
dbo;FCT_ABANDONOS_UC;FEC_ACTUALIZACION;datetime;8;1;
dbo;FCT_ABANDONOS_UC;USR_ACTUALIZACION;varchar;80;1;
dbo;FCT_ABANDONOS_UC;SRV_ACTUALIZACION;varchar;80;1;
dbo;FCT_ABANDONOS_UC;COD_PROCESO;uniqueidentifier;16;1;
dbo;FCT_ADRYAN_PAGOS_PLANILLA;DES_COMPANIA;varchar;80;1;
dbo;FCT_ADRYAN_PAGOS_PLANILLA;COD_PERIODO;varchar;80;1;
dbo;FCT_ADRYAN_PAGOS_PLANILLA;COD_ANIO_PERIODO;varchar;80;1;
dbo;FCT_ADRYAN_PAGOS_PLANILLA;DES_PLANILLA;varchar;80;1;
dbo;FCT_ADRYAN_PAGOS_PLANILLA;MATRICULA;varchar;80;1;
dbo;FCT_ADRYAN_PAGOS_PLANILLA;DES_NOMBRE_COMPLETO;varchar;200;1;
dbo;FCT_ADRYAN_PAGOS_PLANILLA;DES_TIPO_TRABAJADOR;varchar;80;1;
dbo;FCT_ADRYAN_PAGOS_PLANILLA;FECHA_NACIMIENTO;varchar;80;1;
dbo;FCT_ADRYAN_PAGOS_PLANILLA;COD_DOCUMENTO;varchar;80;1;
dbo;FCT_ADRYAN_PAGOS_PLANILLA;FECHA_INGRESO;varchar;80;1;
dbo;FCT_ADRYAN_PAGOS_PLANILLA;CODIGO_AFP;varchar;80;1;
dbo;FCT_ADRYAN_PAGOS_PLANILLA;AF;varchar;80;1;
dbo;FCT_ADRYAN_PAGOS_PLANILLA;NACIONALIDAD;varchar;80;1;
dbo;FCT_ADRYAN_PAGOS_PLANILLA;DOMICILIADO;varchar;80;1;
dbo;FCT_ADRYAN_PAGOS_PLANILLA;SIN_QUINTA;varchar;80;1;
dbo;FCT_ADRYAN_PAGOS_PLANILLA;FECHA_RETIRO;varchar;80;1;
dbo;FCT_ADRYAN_PAGOS_PLANILLA;DES_PUESTO;varchar;80;1;
dbo;FCT_ADRYAN_PAGOS_PLANILLA;DES_UNIDAD_FUNCIONAL_ORGANICA;varchar;80;1;
dbo;FCT_ADRYAN_PAGOS_PLANILLA;DES_UBICACION_FISICA;varchar;80;1;
dbo;FCT_ADRYAN_PAGOS_PLANILLA;DES_TIPO_CONTRATO;varchar;80;1;
dbo;FCT_ADRYAN_PAGOS_PLANILLA;ENTIDAD_FINANCIERA_HABERES;varchar;80;1;
dbo;FCT_ADRYAN_PAGOS_PLANILLA;NUMERO_CUENTA_ABONO;varchar;80;1;
dbo;FCT_ADRYAN_PAGOS_PLANILLA;ENTIDAD_FINANCIERA_CTS;varchar;80;1;
dbo;FCT_ADRYAN_PAGOS_PLANILLA;NUMERO_CUENTA_CTS_SOLES;varchar;80;1;
dbo;FCT_ADRYAN_PAGOS_PLANILLA;NUMERO_CUENTA_CTS_DOLARES;varchar;80;1;
dbo;FCT_ADRYAN_PAGOS_PLANILLA;DES_CONCEPTO;varchar;-1;1;
dbo;FCT_ADRYAN_PAGOS_PLANILLA;IMPORTE_CONCEPTO;decimal;9;1;
dbo;FCT_ADRYAN_PAGOS_PLANILLA;FEC_CREACION;datetime;8;1;
dbo;FCT_ADRYAN_PAGOS_PLANILLA;USR_CREACION;varchar;80;1;
dbo;FCT_ADRYAN_PAGOS_PLANILLA;SRV_CREACION;varchar;80;1;
dbo;FCT_ADRYAN_PAGOS_PLANILLA;FEC_ACTUALIZACION;datetime;8;1;
dbo;FCT_ADRYAN_PAGOS_PLANILLA;USR_ACTUALIZACION;varchar;80;1;
dbo;FCT_ADRYAN_PAGOS_PLANILLA;SRV_ACTUALIZACION;varchar;80;1;
dbo;FCT_ADRYAN_PAGOS_PLANILLA;COD_PROCESO;uniqueidentifier;16;1;
dbo;FCT_AVANCE_EXTRACURRICULAR;ID_REGISTRO;bigint;8;1;
dbo;FCT_AVANCE_EXTRACURRICULAR;ID_PERSONA;numeric;9;1;
dbo;FCT_AVANCE_EXTRACURRICULAR;ID_ALUMNO;varchar;80;1;
dbo;FCT_AVANCE_EXTRACURRICULAR;ID_EAP;numeric;9;1;
dbo;FCT_AVANCE_EXTRACURRICULAR;ID_CAMPUS;numeric;9;1;
dbo;FCT_AVANCE_EXTRACURRICULAR;ID_MODALIDAD;numeric;9;1;
dbo;FCT_AVANCE_EXTRACURRICULAR;CATALOGO;varchar;80;1;
dbo;FCT_AVANCE_EXTRACURRICULAR;ID_PERIODO;numeric;9;1;
dbo;FCT_AVANCE_EXTRACURRICULAR;ID_CURSO;numeric;9;1;
dbo;FCT_AVANCE_EXTRACURRICULAR;CREDITOS;int;4;1;
dbo;FCT_AVANCE_EXTRACURRICULAR;NOTA_RG;int;4;1;
dbo;FCT_AVANCE_EXTRACURRICULAR;NOTA_BI;varchar;80;1;
dbo;FCT_AVANCE_EXTRACURRICULAR;ID_CREDITO;varchar;80;1;
dbo;FCT_AVANCE_EXTRACURRICULAR;CUMPLIMIENTO;varchar;80;1;
dbo;FCT_AVANCE_EXTRACURRICULAR;APROBADO;int;4;1;
dbo;FCT_AVANCE_EXTRACURRICULAR;VALIDACION;int;4;1;
dbo;FCT_AVANCE_EXTRACURRICULAR;ESTATUS;varchar;80;1;
dbo;FCT_AVANCE_EXTRACURRICULAR;FEC_CREACION;datetime;8;1;
dbo;FCT_AVANCE_EXTRACURRICULAR;USR_CREACION;varchar;80;1;
dbo;FCT_AVANCE_EXTRACURRICULAR;SRV_CREACION;varchar;80;1;
dbo;FCT_AVANCE_EXTRACURRICULAR;FEC_ACTUALIZACION;datetime;8;1;
dbo;FCT_AVANCE_EXTRACURRICULAR;USR_ACTUALIZACION;varchar;80;1;
dbo;FCT_AVANCE_EXTRACURRICULAR;SRV_ACTUALIZACION;varchar;80;1;
dbo;FCT_AVANCE_EXTRACURRICULAR;COD_PROCESO;uniqueidentifier;16;1;
dbo;FCT_BECA_EGRESADO_PRONABEC_IMPACTO;ID_ESTUDIANTE;numeric;9;1;
dbo;FCT_BECA_EGRESADO_PRONABEC_IMPACTO;ID_CAMPUS;numeric;9;1;
dbo;FCT_BECA_EGRESADO_PRONABEC_IMPACTO;ID_MODALIDAD;numeric;9;1;
dbo;FCT_BECA_EGRESADO_PRONABEC_IMPACTO;ID_PERIODO_ACADEMICO;numeric;9;1;
dbo;FCT_BECA_EGRESADO_PRONABEC_IMPACTO;ID_DEPENDENCIA;numeric;9;1;
dbo;FCT_BECA_EGRESADO_PRONABEC_IMPACTO;ID_NIVEL;numeric;9;1;
dbo;FCT_BECA_EGRESADO_PRONABEC_IMPACTO;ID_FACULTAD_EAP;numeric;9;1;
dbo;FCT_BECA_EGRESADO_PRONABEC_IMPACTO;CICLO;int;4;1;
dbo;FCT_BECA_EGRESADO_PRONABEC_IMPACTO;ID_BECA;numeric;9;1;
dbo;FCT_BECA_EGRESADO_PRONABEC_IMPACTO;BACHILLER;int;4;1;
dbo;FCT_BECA_EGRESADO_PRONABEC_IMPACTO;ID_PERIODO_BA;numeric;9;1;
dbo;FCT_BECA_EGRESADO_PRONABEC_IMPACTO;TITULADO;int;4;1;
dbo;FCT_BECA_EGRESADO_PRONABEC_IMPACTO;ID_PERIODO_TI;numeric;9;1;
dbo;FCT_BECA_EGRESADO_PRONABEC_IMPACTO;FEC_CREACION;datetime;8;1;
dbo;FCT_BECA_EGRESADO_PRONABEC_IMPACTO;USR_CREACION;varchar;80;1;
dbo;FCT_BECA_EGRESADO_PRONABEC_IMPACTO;SRV_CREACION;varchar;80;1;
dbo;FCT_BECA_EGRESADO_PRONABEC_IMPACTO;FEC_ACTUALIZACION;datetime;8;1;
dbo;FCT_BECA_EGRESADO_PRONABEC_IMPACTO;USR_ACTUALIZACION;varchar;80;1;
dbo;FCT_BECA_EGRESADO_PRONABEC_IMPACTO;SRV_ACTUALIZACION;varchar;80;1;
dbo;FCT_BECA_EGRESADO_PRONABEC_IMPACTO;COD_PROCESO;uniqueidentifier;16;1;
dbo;FCT_BECA_PREGRADO_PRONABEC_IMPACTO;ID_ESTUDIANTE;numeric;9;1;
dbo;FCT_BECA_PREGRADO_PRONABEC_IMPACTO;ID_CAMPUS;numeric;9;1;
dbo;FCT_BECA_PREGRADO_PRONABEC_IMPACTO;ID_MODALIDAD;numeric;9;1;
dbo;FCT_BECA_PREGRADO_PRONABEC_IMPACTO;ID_PERIODO_ACADEMICO;numeric;9;1;
dbo;FCT_BECA_PREGRADO_PRONABEC_IMPACTO;ID_DEPENDENCIA;numeric;9;1;
dbo;FCT_BECA_PREGRADO_PRONABEC_IMPACTO;ID_NIVEL;numeric;9;1;
dbo;FCT_BECA_PREGRADO_PRONABEC_IMPACTO;ID_FACULTAD_EAP;numeric;9;1;
dbo;FCT_BECA_PREGRADO_PRONABEC_IMPACTO;CICLO;int;4;1;
dbo;FCT_BECA_PREGRADO_PRONABEC_IMPACTO;DES_CURSO;varchar;150;1;
dbo;FCT_BECA_PREGRADO_PRONABEC_IMPACTO;ENTRADA;varchar;80;1;
dbo;FCT_BECA_PREGRADO_PRONABEC_IMPACTO;PRO_C1;varchar;80;1;
dbo;FCT_BECA_PREGRADO_PRONABEC_IMPACTO;PARCIAL;varchar;80;1;
dbo;FCT_BECA_PREGRADO_PRONABEC_IMPACTO;PRO_C2;varchar;80;1;
dbo;FCT_BECA_PREGRADO_PRONABEC_IMPACTO;FINAL;varchar;80;1;
dbo;FCT_BECA_PREGRADO_PRONABEC_IMPACTO;ID_BECA;numeric;9;1;
dbo;FCT_BECA_PREGRADO_PRONABEC_IMPACTO;PORCENTAJE_ASISTENCIA;decimal;9;1;
dbo;FCT_BECA_PREGRADO_PRONABEC_IMPACTO;FEC_CREACION;datetime;8;1;
dbo;FCT_BECA_PREGRADO_PRONABEC_IMPACTO;USR_CREACION;varchar;80;1;
dbo;FCT_BECA_PREGRADO_PRONABEC_IMPACTO;SRV_CREACION;varchar;80;1;
dbo;FCT_BECA_PREGRADO_PRONABEC_IMPACTO;FEC_ACTUALIZACION;datetime;8;1;
dbo;FCT_BECA_PREGRADO_PRONABEC_IMPACTO;USR_ACTUALIZACION;varchar;80;1;
dbo;FCT_BECA_PREGRADO_PRONABEC_IMPACTO;SRV_ACTUALIZACION;varchar;80;1;
dbo;FCT_BECA_PREGRADO_PRONABEC_IMPACTO;COD_PROCESO;uniqueidentifier;16;1;
dbo;FCT_BECA_PREGRADO_PRONABEC_IMPACTO;PROMEDIO;varchar;80;1;
dbo;FCT_BECA_PREGRADO_PRONABEC_IMPACTO;PGA;varchar;80;1;
dbo;FCT_BECA_PREGRADO_PRONABEC_IMPACTO;PRO_PON_NOTAS;varchar;80;1;
dbo;FCT_BENEFICIOS;ID_ESTUDIANTE;numeric;9;1;
dbo;FCT_BENEFICIOS;ID_CAMPUS;numeric;9;1;
dbo;FCT_BENEFICIOS;ID_MODALIDAD;numeric;9;1;
dbo;FCT_BENEFICIOS;ID_PERIODO_ACADEMICO;numeric;9;1;
dbo;FCT_BENEFICIOS;ID_DEPENDENCIA;numeric;9;1;
dbo;FCT_BENEFICIOS;ID_NIVEL;numeric;9;1;
dbo;FCT_BENEFICIOS;ID_FACULTAD_EAP;numeric;9;1;
dbo;FCT_BENEFICIOS;ID_ESCALA;numeric;9;1;
dbo;FCT_BENEFICIOS;CICLO;int;4;1;
dbo;FCT_BENEFICIOS;ID_SEGMENTO_ESTUDIANTE;numeric;9;1;
dbo;FCT_BENEFICIOS;ID_TIPO_BENEFICIO;numeric;9;1;
dbo;FCT_BENEFICIOS;ID_TIPO_BECA;numeric;9;1;
dbo;FCT_BENEFICIOS;SUBVENCION;decimal;9;1;
dbo;FCT_BENEFICIOS;ID_TIEMPO_INICIO;numeric;9;1;
dbo;FCT_BENEFICIOS;ID_TIEMPO_VIGENTE;numeric;9;1;
dbo;FCT_BENEFICIOS;FEC_CREACION;datetime;8;1;
dbo;FCT_BENEFICIOS;USR_CREACION;varchar;80;1;
dbo;FCT_BENEFICIOS;SRV_CREACION;varchar;80;1;
dbo;FCT_BENEFICIOS;FEC_ACTUALIZACION;datetime;8;1;
dbo;FCT_BENEFICIOS;USR_ACTUALIZACION;varchar;80;1;
dbo;FCT_BENEFICIOS;SRV_ACTUALIZACION;varchar;80;1;
dbo;FCT_BENEFICIOS;COD_PROCESO;uniqueidentifier;16;1;
dbo;FCT_CENSO_EQUIDAD;ID_PERSONA;int;4;1;
dbo;FCT_CENSO_EQUIDAD;ID_PERIODO;int;4;1;
dbo;FCT_CENSO_EQUIDAD;ID_CAMPUS;int;4;1;
dbo;FCT_CENSO_EQUIDAD;ID_EAP;int;4;1;
dbo;FCT_CENSO_EQUIDAD;ID_FACULTAD;int;4;1;
dbo;FCT_CENSO_EQUIDAD;ID_MODALIDAD;int;4;1;
dbo;FCT_CENSO_EQUIDAD;ID_DEPENDENCIA;int;4;1;
dbo;FCT_CENSO_EQUIDAD;ID_NIVEL;int;4;1;
dbo;FCT_CENSO_EQUIDAD;ZONA_ORIGEN;varchar;500;1;
dbo;FCT_CENSO_EQUIDAD;LENGUA_MATERNA;varchar;500;1;
dbo;FCT_CENSO_EQUIDAD;IDENTIDAD_SOCIO_CULTURAL;varchar;500;1;
dbo;FCT_CENSO_EQUIDAD;MOTIVOS;varchar;500;1;
dbo;FCT_CENSO_EQUIDAD;IDENTIDAD_GENERO;varchar;500;1;
dbo;FCT_CENSO_EQUIDAD;ORIENTACION;varchar;500;1;
dbo;FCT_CENSO_EQUIDAD;PERTENENCIA;varchar;500;1;
dbo;FCT_CENSO_EQUIDAD;SENTIDO1;varchar;500;1;
dbo;FCT_CENSO_EQUIDAD;MOTIVO1;varchar;500;1;
dbo;FCT_CENSO_EQUIDAD;QUIEND1;varchar;500;1;
dbo;FCT_CENSO_EQUIDAD;EXPERIENCIA1;varchar;500;1;
dbo;FCT_CENSO_EQUIDAD;TESTIGO2;varchar;500;1;
dbo;FCT_CENSO_EQUIDAD;EJERCICIO2;varchar;500;1;
dbo;FCT_CENSO_EQUIDAD;CONTAR2;varchar;500;1;
dbo;FCT_CENSO_EQUIDAD;SENTIDO2;varchar;500;1;
dbo;FCT_CENSO_EQUIDAD;QUIEND2;varchar;500;1;
dbo;FCT_CENSO_EQUIDAD;EXPERIENCIA2;varchar;500;1;
dbo;FCT_CENSO_EQUIDAD;TESTIGO3;varchar;500;1;
dbo;FCT_CENSO_EQUIDAD;EJERCICIO3;varchar;500;1;
dbo;FCT_CENSO_EQUIDAD;CONTAR3;varchar;500;1;
dbo;FCT_CENSO_EQUIDAD;FEC_CREACION;datetime;8;1;
dbo;FCT_CENSO_EQUIDAD;USR_CREACION;varchar;80;1;
dbo;FCT_CENSO_EQUIDAD;SRV_CREACION;varchar;80;1;
dbo;FCT_CENSO_EQUIDAD;FEC_ACTUALIZACION;datetime;8;1;
dbo;FCT_CENSO_EQUIDAD;USR_ACTUALIZACION;varchar;80;1;
dbo;FCT_CENSO_EQUIDAD;SRV_ACTUALIZACION;varchar;80;1;
dbo;FCT_CENSO_EQUIDAD;COD_PROCESO;uniqueidentifier;16;1;
dbo;FCT_CENSO_EQUIDAD_ADMINISTRATIVOS;ID_PERSONA;int;4;0;
dbo;FCT_CENSO_EQUIDAD_ADMINISTRATIVOS;PIDM;varchar;20;1;
dbo;FCT_CENSO_EQUIDAD_ADMINISTRATIVOS;USUARIO;varchar;50;1;
dbo;FCT_CENSO_EQUIDAD_ADMINISTRATIVOS;CORREO_INSTITUCIONAL;varchar;200;1;
dbo;FCT_CENSO_EQUIDAD_ADMINISTRATIVOS;SEDE;varchar;100;1;
dbo;FCT_CENSO_EQUIDAD_ADMINISTRATIVOS;CARGO;varchar;200;1;
dbo;FCT_CENSO_EQUIDAD_ADMINISTRATIVOS;TERMINOS;varchar;10;1;
dbo;FCT_CENSO_EQUIDAD_ADMINISTRATIVOS;Q1_ZONA_ORIGEN;varchar;700;1;
dbo;FCT_CENSO_EQUIDAD_ADMINISTRATIVOS;Q1_LENGUA_MATERNA;varchar;700;1;
dbo;FCT_CENSO_EQUIDAD_ADMINISTRATIVOS;Q1_IDEN_ETNICO;varchar;700;1;
dbo;FCT_CENSO_EQUIDAD_ADMINISTRATIVOS;Q1_AUT_IDEN;varchar;700;1;
dbo;FCT_CENSO_EQUIDAD_ADMINISTRATIVOS;Q2_IDEN_GENERO;varchar;700;1;
dbo;FCT_CENSO_EQUIDAD_ADMINISTRATIVOS;Q2_ORIEN_SEXUAL;varchar;700;1;
dbo;FCT_CENSO_EQUIDAD_ADMINISTRATIVOS;Q2_COM_LGBTIQ;varchar;700;1;
dbo;FCT_CENSO_EQUIDAD_ADMINISTRATIVOS;Q3_SENT_DISCRIMINADO;varchar;700;1;
dbo;FCT_CENSO_EQUIDAD_ADMINISTRATIVOS;Q3_MOTIVO_DISCRIMINACION;varchar;700;1;
dbo;FCT_CENSO_EQUIDAD_ADMINISTRATIVOS;Q3_QUIEN;varchar;700;1;
dbo;FCT_CENSO_EQUIDAD_ADMINISTRATIVOS;Q3_EXPERIENCIA;varchar;700;1;
dbo;FCT_CENSO_EQUIDAD_ADMINISTRATIVOS;Q3_TESTIGO;varchar;700;1;
dbo;FCT_CENSO_EQUIDAD_ADMINISTRATIVOS;Q3_EJERCIO;varchar;700;1;
dbo;FCT_CENSO_EQUIDAD_ADMINISTRATIVOS;Q3_CONTAR_EXP;varchar;700;1;
dbo;FCT_CENSO_EQUIDAD_ADMINISTRATIVOS;Q4_SENT_DISCRIMINADO;varchar;700;1;
dbo;FCT_CENSO_EQUIDAD_ADMINISTRATIVOS;Q4_QUIEN;varchar;700;1;
dbo;FCT_CENSO_EQUIDAD_ADMINISTRATIVOS;Q4_EXPERIENCIA;varchar;700;1;
dbo;FCT_CENSO_EQUIDAD_ADMINISTRATIVOS;Q4_TESTIGO;varchar;700;1;
dbo;FCT_CENSO_EQUIDAD_ADMINISTRATIVOS;Q4_EJERCIO;varchar;700;1;
dbo;FCT_CENSO_EQUIDAD_ADMINISTRATIVOS;Q4_CONTAR_EXP;varchar;700;1;
dbo;FCT_CENSO_EQUIDAD_ADMINISTRATIVOS;FECHA_REGISTRO;varchar;100;1;
dbo;FCT_CENSO_EQUIDAD_ADMINISTRATIVOS;FEC_CREACION;datetime;8;1;
dbo;FCT_CENSO_EQUIDAD_ADMINISTRATIVOS;USR_CREACION;varchar;80;1;
dbo;FCT_CENSO_EQUIDAD_ADMINISTRATIVOS;SRV_CREACION;varchar;80;1;
dbo;FCT_CENSO_EQUIDAD_ADMINISTRATIVOS;FEC_ACTUALIZACION;datetime;8;1;
dbo;FCT_CENSO_EQUIDAD_ADMINISTRATIVOS;USR_ACTUALIZACION;varchar;80;1;
dbo;FCT_CENSO_EQUIDAD_ADMINISTRATIVOS;SRV_ACTUALIZACION;varchar;80;1;
dbo;FCT_CENSO_EQUIDAD_ADMINISTRATIVOS;COD_PROCESO;uniqueidentifier;16;1;
dbo;FCT_CENSO_EQUIDAD_DOCENTES;ID_PERSONA;int;4;0;
dbo;FCT_CENSO_EQUIDAD_DOCENTES;ID_MODALIDAD;int;4;1;
dbo;FCT_CENSO_EQUIDAD_DOCENTES;ID_EAP;int;4;1;
dbo;FCT_CENSO_EQUIDAD_DOCENTES;PIDM;varchar;20;1;
dbo;FCT_CENSO_EQUIDAD_DOCENTES;USUARIO;varchar;50;1;
dbo;FCT_CENSO_EQUIDAD_DOCENTES;CORREO_INSTITUCIONAL;varchar;200;1;
dbo;FCT_CENSO_EQUIDAD_DOCENTES;TERMINOS;varchar;10;1;
dbo;FCT_CENSO_EQUIDAD_DOCENTES;Q1_ZONA_ORIGEN;varchar;700;1;
dbo;FCT_CENSO_EQUIDAD_DOCENTES;Q1_LENGUA_MATERNA;varchar;700;1;
dbo;FCT_CENSO_EQUIDAD_DOCENTES;Q1_IDEN_ETNICO;varchar;700;1;
dbo;FCT_CENSO_EQUIDAD_DOCENTES;Q1_AUT_IDEN;varchar;700;1;
dbo;FCT_CENSO_EQUIDAD_DOCENTES;Q2_IDEN_GENERO;varchar;700;1;
dbo;FCT_CENSO_EQUIDAD_DOCENTES;Q2_ORIEN_SEXUAL;varchar;700;1;
dbo;FCT_CENSO_EQUIDAD_DOCENTES;Q2_COM_LGBTIQ;varchar;700;1;
dbo;FCT_CENSO_EQUIDAD_DOCENTES;Q3_SENT_DISCRIMINADO;varchar;700;1;
dbo;FCT_CENSO_EQUIDAD_DOCENTES;Q3_MOTIVO_DISCRIMINACION;varchar;700;1;
dbo;FCT_CENSO_EQUIDAD_DOCENTES;Q3_QUIEN;varchar;700;1;
dbo;FCT_CENSO_EQUIDAD_DOCENTES;Q3_EXPERIENCIA;varchar;700;1;
dbo;FCT_CENSO_EQUIDAD_DOCENTES;Q3_TESTIGO;varchar;700;1;
dbo;FCT_CENSO_EQUIDAD_DOCENTES;Q3_EJERCIO;varchar;700;1;
dbo;FCT_CENSO_EQUIDAD_DOCENTES;Q3_CONTAR_EXP;varchar;700;1;
dbo;FCT_CENSO_EQUIDAD_DOCENTES;Q4_SENT_DISCRIMINADO;varchar;700;1;
dbo;FCT_CENSO_EQUIDAD_DOCENTES;Q4_QUIEN;varchar;700;1;
dbo;FCT_CENSO_EQUIDAD_DOCENTES;Q4_EXPERIENCIA;varchar;700;1;
dbo;FCT_CENSO_EQUIDAD_DOCENTES;Q4_TESTIGO;varchar;700;1;
dbo;FCT_CENSO_EQUIDAD_DOCENTES;Q4_EJERCIO;varchar;700;1;
dbo;FCT_CENSO_EQUIDAD_DOCENTES;Q4_CONTAR_EXP;varchar;700;1;
dbo;FCT_CENSO_EQUIDAD_DOCENTES;FECHA_REGISTRO;varchar;100;1;
dbo;FCT_CENSO_EQUIDAD_DOCENTES;FEC_CREACION;datetime;8;1;
dbo;FCT_CENSO_EQUIDAD_DOCENTES;USR_CREACION;varchar;80;1;
dbo;FCT_CENSO_EQUIDAD_DOCENTES;SRV_CREACION;varchar;80;1;
dbo;FCT_CENSO_EQUIDAD_DOCENTES;FEC_ACTUALIZACION;datetime;8;1;
dbo;FCT_CENSO_EQUIDAD_DOCENTES;USR_ACTUALIZACION;varchar;80;1;
dbo;FCT_CENSO_EQUIDAD_DOCENTES;SRV_ACTUALIZACION;varchar;80;1;
dbo;FCT_CENSO_EQUIDAD_DOCENTES;COD_PROCESO;uniqueidentifier;16;1;
dbo;FCT_CERTIFICACIONES_PROGRESIVAS;ID_ESTUDIANTE;numeric;9;1;
dbo;FCT_CERTIFICACIONES_PROGRESIVAS;ID_CAMPUS;numeric;9;1;
dbo;FCT_CERTIFICACIONES_PROGRESIVAS;ID_MODALIDAD;numeric;9;1;
dbo;FCT_CERTIFICACIONES_PROGRESIVAS;ID_FACULTAD_EAP;numeric;9;1;
dbo;FCT_CERTIFICACIONES_PROGRESIVAS;DES_CATALOGO;varchar;80;1;
dbo;FCT_CERTIFICACIONES_PROGRESIVAS;ID_CERTIFICACIONES;numeric;9;1;
dbo;FCT_CERTIFICACIONES_PROGRESIVAS;FEC_CREACION;datetime;8;1;
dbo;FCT_CERTIFICACIONES_PROGRESIVAS;USR_CREACION;varchar;80;1;
dbo;FCT_CERTIFICACIONES_PROGRESIVAS;SRV_CREACION;varchar;80;1;
dbo;FCT_CERTIFICACIONES_PROGRESIVAS;FEC_ACTUALIZACION;datetime;8;1;
dbo;FCT_CERTIFICACIONES_PROGRESIVAS;USR_ACTUALIZACION;varchar;80;1;
dbo;FCT_CERTIFICACIONES_PROGRESIVAS;SRV_ACTUALIZACION;varchar;80;1;
dbo;FCT_CERTIFICACIONES_PROGRESIVAS;COD_PROCESO;uniqueidentifier;16;1;
dbo;FCT_DESERCION;ID_ESTUDIANTE;int;4;1;
dbo;FCT_DESERCION;ID_FECHA;int;4;1;
dbo;FCT_DESERCION;ID_PERIODO;int;4;1;
dbo;FCT_DESERCION;ID_DEPENDENCIA;int;4;1;
dbo;FCT_DESERCION;ID_NIVEL;int;4;1;
dbo;FCT_DESERCION;ID_CAMPUS;int;4;1;
dbo;FCT_DESERCION;ID_FACULTAD_EAP;int;4;1;
dbo;FCT_DESERCION;ID_MODALIDAD;int;4;1;
dbo;FCT_DESERCION;ID_MODALIDAD_ADMISION;int;4;1;
dbo;FCT_DESERCION;ID_ESTADO;int;4;1;
dbo;FCT_DESERCION;ID_ESTADO_TIPO_ESTUDIANTE;int;4;1;
dbo;FCT_DESERCION;BECA;varchar;20;1;
dbo;FCT_DESERCION;CICLO_APROBADO;int;4;1;
dbo;FCT_DESERCION;CICLO_MATRICULA;nchar;20;1;
dbo;FCT_DESERCION;CATALOGO;varchar;20;1;
dbo;FCT_DESERCION;ID_TIPO_DESERCION;int;4;1;
dbo;FCT_DESERCION;ID_PERIODO_MATRICULA;varchar;10;1;
dbo;FCT_DESERCION;FEC_CREACION;datetime;8;1;
dbo;FCT_DESERCION;USR_CREACION;varchar;80;1;
dbo;FCT_DESERCION;SRV_CREACION;varchar;80;1;
dbo;FCT_DESERCION;FEC_ACTUALIZACION;datetime;8;1;
dbo;FCT_DESERCION;USR_ACTUALIZACION;varchar;80;1;
dbo;FCT_DESERCION;SRV_ACTUALIZACION;varchar;80;1;
dbo;FCT_DESERCION;COD_PROCESO;uniqueidentifier;16;1;
dbo;FCT_DOCENTE_AVATAR;ID_PERIODO;int;4;1;
dbo;FCT_DOCENTE_AVATAR;ID_CAMPUS;int;4;1;
dbo;FCT_DOCENTE_AVATAR;ID_MODALIDAD;int;4;1;
dbo;FCT_DOCENTE_AVATAR;ID_PARTE_PERIODO;int;4;1;
dbo;FCT_DOCENTE_AVATAR;NOMBRE_DOCENTE;varchar;-1;1;
dbo;FCT_DOCENTE_AVATAR;ID_PLAN_ESTUDIO;int;4;1;
dbo;FCT_DOCENTE_AVATAR;ID_NRC;int;4;1;
dbo;FCT_DOCENTE_AVATAR;ID_ASIGNATURA;int;4;1;
dbo;FCT_DOCENTE_AVATAR;ID_TIPO_DOCENTE_AVATAR;int;4;1;
dbo;FCT_DOCENTE_AVATAR;FEC_CREACION;datetime;8;1;
dbo;FCT_DOCENTE_AVATAR;USR_CREACION;varchar;80;1;
dbo;FCT_DOCENTE_AVATAR;SRV_CREACION;varchar;80;1;
dbo;FCT_DOCENTE_AVATAR;FEC_ACTUALIZACION;datetime;8;1;
dbo;FCT_DOCENTE_AVATAR;USR_ACTUALIZACION;varchar;80;1;
dbo;FCT_DOCENTE_AVATAR;SRV_ACTUALIZACION;varchar;80;1;
dbo;FCT_DOCENTE_AVATAR;COD_PROCESO;uniqueidentifier;16;1;
dbo;FCT_DOCENTES_EXTRANJEROS;PIDMDOCENTE;bigint;8;1;
dbo;FCT_DOCENTES_EXTRANJEROS;ID_PERIODO_ACADEMICO;numeric;9;0;
dbo;FCT_DOCENTES_EXTRANJEROS;ID_CAMPUS;numeric;9;0;
dbo;FCT_DOCENTES_EXTRANJEROS;ID_MODALIDAD;numeric;9;0;
dbo;FCT_DOCENTES_EXTRANJEROS;ID_FACULTAD;numeric;9;0;
dbo;FCT_DOCENTES_EXTRANJEROS;ID_EAP;numeric;9;0;
dbo;FCT_DOCENTES_EXTRANJEROS;FEC_CREACION;datetime;8;0;
dbo;FCT_DOCENTES_EXTRANJEROS;USR_CREACION;nvarchar;256;1;
dbo;FCT_DOCENTES_EXTRANJEROS;SRV_CREACION;nvarchar;256;1;
dbo;FCT_DOCENTES_EXTRANJEROS;COD_PROCESO;varchar;36;0;
dbo;FCT_EFECTIVIDAD_USO_SALAS;ID_PERIODO_ACADEMICO;numeric;9;0;SI
dbo;FCT_EFECTIVIDAD_USO_SALAS;ID_CAMPUS;numeric;9;0;SI
dbo;FCT_EFECTIVIDAD_USO_SALAS;ID_SITIO;numeric;9;0;SI
dbo;FCT_EFECTIVIDAD_USO_SALAS;ID_TIPO_PROGRAMACION;numeric;9;0;SI
dbo;FCT_EFECTIVIDAD_USO_SALAS;ID_TIEMPO;numeric;9;0;SI
dbo;FCT_EFECTIVIDAD_USO_SALAS;ID_METODO_ASISTENCIA;numeric;9;0;SI
dbo;FCT_EFECTIVIDAD_USO_SALAS;ID_TIPO_AMBIENTE;numeric;9;0;SI
dbo;FCT_EFECTIVIDAD_USO_SALAS;ID_PABELLON;numeric;9;0;SI
dbo;FCT_EFECTIVIDAD_USO_SALAS;ID_AMBIENTE;numeric;9;0;SI
dbo;FCT_EFECTIVIDAD_USO_SALAS;ID_MODALIDAD;numeric;9;0;SI
dbo;FCT_EFECTIVIDAD_USO_SALAS;ID_DIA;numeric;9;0;SI
dbo;FCT_EFECTIVIDAD_USO_SALAS;ID_HORA;numeric;9;0;SI
dbo;FCT_EFECTIVIDAD_USO_SALAS;IND_NUMERO_MATRICULADOS;numeric;9;1;
dbo;FCT_EFECTIVIDAD_USO_SALAS;IND_NUMERO_BLOQUES_OCUPADOS;numeric;9;1;
dbo;FCT_EFECTIVIDAD_USO_SALAS;FEC_CREACION;datetime;8;1;
dbo;FCT_EFECTIVIDAD_USO_SALAS;USR_CREACION;varchar;80;1;
dbo;FCT_EFECTIVIDAD_USO_SALAS;SRV_CREACION;varchar;80;1;
dbo;FCT_EFECTIVIDAD_USO_SALAS;FEC_ACTUALIZACION;datetime;8;1;
dbo;FCT_EFECTIVIDAD_USO_SALAS;USR_ACTUALIZACION;varchar;80;1;
dbo;FCT_EFECTIVIDAD_USO_SALAS;SRV_ACTUALIZACION;varchar;80;1;
dbo;FCT_EFECTIVIDAD_USO_SALAS;COD_PROCESO;uniqueidentifier;16;1;
dbo;FCT_EFECTIVIDAD_USO_SALAS_BK_040326;ID_PERIODO_ACADEMICO;numeric;9;0;
dbo;FCT_EFECTIVIDAD_USO_SALAS_BK_040326;ID_CAMPUS;numeric;9;0;
dbo;FCT_EFECTIVIDAD_USO_SALAS_BK_040326;ID_SITIO;numeric;9;0;
dbo;FCT_EFECTIVIDAD_USO_SALAS_BK_040326;ID_TIPO_PROGRAMACION;numeric;9;0;
dbo;FCT_EFECTIVIDAD_USO_SALAS_BK_040326;ID_TIEMPO;numeric;9;0;
dbo;FCT_EFECTIVIDAD_USO_SALAS_BK_040326;ID_METODO_ASISTENCIA;numeric;9;0;
dbo;FCT_EFECTIVIDAD_USO_SALAS_BK_040326;ID_TIPO_AMBIENTE;numeric;9;0;
dbo;FCT_EFECTIVIDAD_USO_SALAS_BK_040326;ID_PABELLON;numeric;9;0;
dbo;FCT_EFECTIVIDAD_USO_SALAS_BK_040326;ID_AMBIENTE;numeric;9;0;
dbo;FCT_EFECTIVIDAD_USO_SALAS_BK_040326;ID_MODALIDAD;numeric;9;0;
dbo;FCT_EFECTIVIDAD_USO_SALAS_BK_040326;ID_DIA;numeric;9;0;
dbo;FCT_EFECTIVIDAD_USO_SALAS_BK_040326;ID_HORA;numeric;9;0;
dbo;FCT_EFECTIVIDAD_USO_SALAS_BK_040326;IND_NUMERO_MATRICULADOS;numeric;9;1;
dbo;FCT_EFECTIVIDAD_USO_SALAS_BK_040326;IND_NUMERO_BLOQUES_OCUPADOS;numeric;9;1;
dbo;FCT_EFECTIVIDAD_USO_SALAS_BK_040326;FEC_CREACION;datetime;8;1;
dbo;FCT_EFECTIVIDAD_USO_SALAS_BK_040326;USR_CREACION;varchar;80;1;
dbo;FCT_EFECTIVIDAD_USO_SALAS_BK_040326;SRV_CREACION;varchar;80;1;
dbo;FCT_EFECTIVIDAD_USO_SALAS_BK_040326;FEC_ACTUALIZACION;datetime;8;1;
dbo;FCT_EFECTIVIDAD_USO_SALAS_BK_040326;USR_ACTUALIZACION;varchar;80;1;
dbo;FCT_EFECTIVIDAD_USO_SALAS_BK_040326;SRV_ACTUALIZACION;varchar;80;1;
dbo;FCT_EFECTIVIDAD_USO_SALAS_BK_040326;COD_PROCESO;uniqueidentifier;16;1;
dbo;FCT_EGRESADO;ID_PIDM;varchar;15;1;
dbo;FCT_EGRESADO;ID_ALUMNO;varchar;15;1;
dbo;FCT_EGRESADO;ID_DNI;varchar;10;1;
dbo;FCT_EGRESADO;ID_PERIODO;varchar;10;1;
dbo;FCT_EGRESADO;ID_CAMPUS;varchar;10;1;
dbo;FCT_EGRESADO;ID_EAP;varchar;10;1;
dbo;FCT_EGRESADO;ID_FACULTAD;varchar;10;1;
dbo;FCT_EGRESADO;ID_MODALIDAD;varchar;10;1;
dbo;FCT_EGRESADO;DES_PLAN;varchar;200;1;
dbo;FCT_EGRESADO;FEC_EGRESO;datetime;8;1;
dbo;FCT_EGRESADO;FEC_CREACION;datetime;8;1;
dbo;FCT_EGRESADO;USR_CREACION;varchar;80;1;
dbo;FCT_EGRESADO;SRV_CREACION;varchar;80;1;
dbo;FCT_EGRESADO;FEC_ACTUALIZACION;datetime;8;1;
dbo;FCT_EGRESADO;USR_ACTUALIZACION;varchar;80;1;
dbo;FCT_EGRESADO;SRV_ACTUALIZACION;varchar;80;1;
dbo;FCT_EGRESADO;COD_PROCESO;uniqueidentifier;16;1;
dbo;FCT_EGRESADO_LABORAL;ID_PIDMSTUDENT;varchar;80;1;
dbo;FCT_EGRESADO_LABORAL;ID_NUMERODOCUMENTO;varchar;25;1;
dbo;FCT_EGRESADO_LABORAL;ID_CAMPUS;varchar;10;1;
dbo;FCT_EGRESADO_LABORAL;ID_EAP;varchar;80;1;
dbo;FCT_EGRESADO_LABORAL;ID_FACULTAD;varchar;80;1;
dbo;FCT_EGRESADO_LABORAL;ID_MODALIDAD;varchar;10;1;
dbo;FCT_EGRESADO_LABORAL;DES_SITUACION;varchar;80;1;
dbo;FCT_EGRESADO_LABORAL;DES_TIPOTRABAJO;varchar;80;1;
dbo;FCT_EGRESADO_LABORAL;DES_MODALIDADTRABAJO;varchar;80;1;
dbo;FCT_EGRESADO_LABORAL;DES_TIPOEMPRESA;varchar;20;1;
dbo;FCT_EGRESADO_LABORAL;ID_RUC;varchar;20;1;
dbo;FCT_EGRESADO_LABORAL;DES_RUCNOMBRE;varchar;150;1;
dbo;FCT_EGRESADO_LABORAL;DES_PUESTOTRABAJO;varchar;150;1;
dbo;FCT_EGRESADO_LABORAL;LINKEDIN;varchar;-1;1;
dbo;FCT_EGRESADO_LABORAL;ACTIVO;int;4;1;
dbo;FCT_EGRESADO_LABORAL;FEC_CREACION_STG;datetime;8;1;
dbo;FCT_EGRESADO_LABORAL;FEC_CREACION;datetime;8;1;
dbo;FCT_EGRESADO_LABORAL;USR_CREACION;varchar;80;1;
dbo;FCT_EGRESADO_LABORAL;SRV_CREACION;varchar;80;1;
dbo;FCT_EGRESADO_LABORAL;FEC_ACTUALIZACION;datetime;8;1;
dbo;FCT_EGRESADO_LABORAL;USR_ACTUALIZACION;varchar;80;1;
dbo;FCT_EGRESADO_LABORAL;SRV_ACTUALIZACION;varchar;80;1;
dbo;FCT_EGRESADO_LABORAL;COD_PROCESO;uniqueidentifier;16;1;
dbo;FCT_EGRESADO_LABORAL_ACUMULADO;ID_CAMPUS;varchar;10;1;
dbo;FCT_EGRESADO_LABORAL_ACUMULADO;ID_EAP;varchar;10;1;
dbo;FCT_EGRESADO_LABORAL_ACUMULADO;ID_FACULTAD;varchar;10;1;
dbo;FCT_EGRESADO_LABORAL_ACUMULADO;ID_MODALIDAD;varchar;10;1;
dbo;FCT_EGRESADO_LABORAL_ACUMULADO;ID_PERIODO;varchar;10;1;
dbo;FCT_EGRESADO_LABORAL_ACUMULADO;ID_CANT_CONTACTADO;int;4;1;
dbo;FCT_EGRESADO_LABORAL_ACUMULADO;ID_ACUM_CANT_CONTACTADO;int;4;1;
dbo;FCT_EGRESADO_LABORAL_ACUMULADO;ID_CANT_EGRESADO;int;4;1;
dbo;FCT_EGRESADO_LABORAL_ACUMULADO;ID_ACUM_CANT_EGRESADO;int;4;1;
dbo;FCT_EGRESADO_LABORAL_ACUMULADO;FEC_CREACION;datetime;8;1;
dbo;FCT_EGRESADO_LABORAL_ACUMULADO;USR_CREACION;varchar;80;1;
dbo;FCT_EGRESADO_LABORAL_ACUMULADO;SRV_CREACION;varchar;80;1;
dbo;FCT_EGRESADO_LABORAL_ACUMULADO;FEC_ACTUALIZACION;datetime;8;1;
dbo;FCT_EGRESADO_LABORAL_ACUMULADO;USR_ACTUALIZACION;varchar;80;1;
dbo;FCT_EGRESADO_LABORAL_ACUMULADO;SRV_ACTUALIZACION;varchar;80;1;
dbo;FCT_EGRESADO_LABORAL_ACUMULADO;COD_PROCESO;uniqueidentifier;16;1;
dbo;FCT_EGRESADOS;ID_PERSONA;numeric;9;1;
dbo;FCT_EGRESADOS;ID_ALUMNO;varchar;80;1;
dbo;FCT_EGRESADOS;ID_CAMPUS;numeric;9;1;
dbo;FCT_EGRESADOS;ID_MODALIDAD;numeric;9;1;
dbo;FCT_EGRESADOS;ID_EAP;numeric;9;1;
dbo;FCT_EGRESADOS;ID_CATALOGO;varchar;80;1;
dbo;FCT_EGRESADOS;ID_MODALIDAD_ADMISION;numeric;9;1;
dbo;FCT_EGRESADOS;ID_PERIODOINI;numeric;9;1;
dbo;FCT_EGRESADOS;ID_PLANESTUDIO;varchar;80;1;
dbo;FCT_EGRESADOS;ID_PERIODO;numeric;9;1;
dbo;FCT_EGRESADOS;ID_PERIODO_E;numeric;9;1;
dbo;FCT_EGRESADOS;CRED_O;varchar;80;1;
dbo;FCT_EGRESADOS;CRED_E;varchar;80;1;
dbo;FCT_EGRESADOS;CRED_APROB;varchar;80;1;
dbo;FCT_EGRESADOS;NRO_CREDOPLAN;varchar;80;1;
dbo;FCT_EGRESADOS;NRO_CREDEPLAN;varchar;80;1;
dbo;FCT_EGRESADOS;NRO_CREDTPLAN;varchar;80;1;
dbo;FCT_EGRESADOS;PENDIENTE;varchar;80;1;
dbo;FCT_EGRESADOS;PROYECCIONSOCIAL;varchar;20;1;
dbo;FCT_EGRESADOS;IDIOMA;varchar;20;1;
dbo;FCT_EGRESADOS;EXTRACURRICULAR;varchar;20;1;
dbo;FCT_EGRESADOS;PREPROFESIONAL;varchar;20;1;
dbo;FCT_EGRESADOS;FEC_EGRESOUC;numeric;9;1;
dbo;FCT_EGRESADOS;FEC_PRIM_MAT;numeric;9;1;
dbo;FCT_EGRESADOS;PRESENCIALIDAD;decimal;9;1;
dbo;FCT_EGRESADOS;VIRTUALIDAD;decimal;9;1;
dbo;FCT_EGRESADOS;MODPOREGRESO;varchar;80;1;
dbo;FCT_EGRESADOS;BACHILLER;varchar;80;1;
dbo;FCT_EGRESADOS;FEC_BACH;numeric;9;1;
dbo;FCT_EGRESADOS;PAGO_BACH;varchar;80;1;
dbo;FCT_EGRESADOS;ID_PERIODO_B;varchar;80;1;
dbo;FCT_EGRESADOS;TITULO;varchar;80;1;
dbo;FCT_EGRESADOS;FEC_TITULO;numeric;9;1;
dbo;FCT_EGRESADOS;PAGO_TITULO;varchar;80;1;
dbo;FCT_EGRESADOS;ID_PERIODO_T;varchar;80;1;
dbo;FCT_EGRESADOS;NO_CARRERA;varchar;80;1;
dbo;FCT_EGRESADOS;NO_COHORTE;varchar;80;1;
dbo;FCT_EGRESADOS;DEUDA;decimal;9;1;
dbo;FCT_EGRESADOS;TYPE_TIT;varchar;100;1;
dbo;FCT_EGRESADOS;STATUS_TIT;varchar;100;1;
dbo;FCT_EGRESADOS;STAGE_TIT;varchar;100;1;
dbo;FCT_EGRESADOS;FEC_CREACION;datetime;8;1;
dbo;FCT_EGRESADOS;USR_CREACION;varchar;80;1;
dbo;FCT_EGRESADOS;SRV_CREACION;varchar;80;1;
dbo;FCT_EGRESADOS;FEC_ACTUALIZACION;datetime;8;1;
dbo;FCT_EGRESADOS;USR_ACTUALIZACION;varchar;80;1;
dbo;FCT_EGRESADOS;SRV_ACTUALIZACION;varchar;80;1;
dbo;FCT_EGRESADOS;COD_PROCESO;uniqueidentifier;16;1;
dbo;FCT_ENCUESTAS_CAS;ID_PERSONA;numeric;9;1;
dbo;FCT_ENCUESTAS_CAS;ID_CAMPUS;numeric;9;1;
dbo;FCT_ENCUESTAS_CAS;ID_MODALIDAD;numeric;9;1;
dbo;FCT_ENCUESTAS_CAS;ID_EAP;numeric;9;1;
dbo;FCT_ENCUESTAS_CAS;FECHA;datetime;8;1;
dbo;FCT_ENCUESTAS_CAS;ID_ENCUESTA;varchar;80;1;
dbo;FCT_ENCUESTAS_CAS;NOMBRE_ENCUESTA;varchar;200;1;
dbo;FCT_ENCUESTAS_CAS;DES_ENCUESTA;varchar;-1;1;
dbo;FCT_ENCUESTAS_CAS;NRO_PREGUNTA;varchar;80;1;
dbo;FCT_ENCUESTAS_CAS;DES_PREGUNTA;varchar;-1;1;
dbo;FCT_ENCUESTAS_CAS;RESPUESTA;varchar;-1;1;
dbo;FCT_ENCUESTAS_CAS;SOLICITUD;varchar;80;1;
dbo;FCT_ENCUESTAS_CAS;FEC_CREACION;datetime;8;1;
dbo;FCT_ENCUESTAS_CAS;USR_CREACION;varchar;80;1;
dbo;FCT_ENCUESTAS_CAS;SRV_CREACION;varchar;80;1;
dbo;FCT_ENCUESTAS_CAS;FEC_ACTUALIZACION;datetime;8;1;
dbo;FCT_ENCUESTAS_CAS;USR_ACTUALIZACION;varchar;80;1;
dbo;FCT_ENCUESTAS_CAS;SRV_ACTUALIZACION;varchar;80;1;
dbo;FCT_ENCUESTAS_CAS;COD_PROCESO;uniqueidentifier;16;1;
dbo;FCT_FINANCIERO;ID_DEPARTAMENTO;numeric;9;1;
dbo;FCT_FINANCIERO;ID_CENTROCOSTO;numeric;9;1;
dbo;FCT_FINANCIERO;ID_PROPOSITO;numeric;9;1;
dbo;FCT_FINANCIERO;ID_PRESUPUESTAL;numeric;9;1;
dbo;FCT_FINANCIERO;ID_PLANCUENTA;numeric;9;1;
dbo;FCT_FINANCIERO;DATAAREAID;varchar;100;1;
dbo;FCT_FINANCIERO;ID_TIEMPO_OPERACION;numeric;9;1;
dbo;FCT_FINANCIERO;AMOUNTMST;decimal;9;1;
dbo;FCT_FINANCIERO;FEC_CREACION;datetime;8;1;
dbo;FCT_FINANCIERO;USR_CREACION;varchar;80;1;
dbo;FCT_FINANCIERO;SRV_CREACION;varchar;80;1;
dbo;FCT_FINANCIERO;FEC_ACTUALIZACION;datetime;8;1;
dbo;FCT_FINANCIERO;USR_ACTUALIZACION;varchar;80;1;
dbo;FCT_FINANCIERO;SRV_ACTUALIZACION;varchar;80;1;
dbo;FCT_FINANCIERO;COD_PROCESO;uniqueidentifier;16;1;
dbo;FCT_FINANCIERO;TXT;varchar;60;1;
dbo;FCT_HORAS_DOCENTE_MATRICULA;ID_PERSONA;numeric;9;0;
dbo;FCT_HORAS_DOCENTE_MATRICULA;ID_PERIODO_ACADEMICO;numeric;9;0;
dbo;FCT_HORAS_DOCENTE_MATRICULA;ID_CAMPUS_NRC;numeric;9;0;
dbo;FCT_HORAS_DOCENTE_MATRICULA;ID_MODALIDAD_NRC;numeric;9;0;
dbo;FCT_HORAS_DOCENTE_MATRICULA;ID_CAMPUS_ESTUDIANTE;numeric;9;0;
dbo;FCT_HORAS_DOCENTE_MATRICULA;ID_MODALIDAD_ESTUDIANTE;numeric;9;0;
dbo;FCT_HORAS_DOCENTE_MATRICULA;ID_EAP_ESTUDIANTE;varchar;80;0;
dbo;FCT_HORAS_DOCENTE_MATRICULA;ID_TIPO_ASIGNATURA;numeric;9;0;
dbo;FCT_HORAS_DOCENTE_MATRICULA;CATALOGO;varchar;20;1;
dbo;FCT_HORAS_DOCENTE_MATRICULA;COD_NRC;varchar;20;1;
dbo;FCT_HORAS_DOCENTE_MATRICULA;CURSO;varchar;200;1;
dbo;FCT_HORAS_DOCENTE_MATRICULA;SEMANA;varchar;20;1;
dbo;FCT_HORAS_DOCENTE_MATRICULA;FECHA_INICIO;varchar;80;1;
dbo;FCT_HORAS_DOCENTE_MATRICULA;FECHA_FIN;varchar;80;1;
dbo;FCT_HORAS_DOCENTE_MATRICULA;HORAS;varchar;10;1;
dbo;FCT_HORAS_DOCENTE_MATRICULA;MATRICULADOS;varchar;80;1;
dbo;FCT_HORAS_DOCENTE_MATRICULA;DES_TIPO_DOCENTE;varchar;80;1;
dbo;FCT_HORAS_DOCENTE_MATRICULA;DES_CARGA_LABORAL;varchar;80;1;
dbo;FCT_HORAS_DOCENTE_MATRICULA;DES_TIPO_CONTRATO;varchar;80;1;
dbo;FCT_HORAS_DOCENTE_MATRICULA;DES_TIPO_CONTRATO_NIVEL;varchar;80;1;
dbo;FCT_HORAS_DOCENTE_MATRICULA;HORARIO_CLASE;varchar;500;1;
dbo;FCT_HORAS_DOCENTE_MATRICULA;DIA_CLASE;varchar;80;1;
dbo;FCT_HORAS_DOCENTE_MATRICULA;FECHA_CLASE;varchar;80;1;
dbo;FCT_HORAS_DOCENTE_MATRICULA;MES;varchar;10;1;
dbo;FCT_HORAS_DOCENTE_MATRICULA;FEC_CREACION;datetime;8;1;
dbo;FCT_HORAS_DOCENTE_MATRICULA;USR_CREACION;varchar;80;1;
dbo;FCT_HORAS_DOCENTE_MATRICULA;SRV_CREACION;varchar;80;1;
dbo;FCT_HORAS_DOCENTE_MATRICULA;FEC_ACTUALIZACION;datetime;8;1;
dbo;FCT_HORAS_DOCENTE_MATRICULA;USR_ACTUALIZACION;varchar;80;1;
dbo;FCT_HORAS_DOCENTE_MATRICULA;SRV_ACTUALIZACION;varchar;80;1;
dbo;FCT_HORAS_DOCENTE_MATRICULA;COD_PROCESO;uniqueidentifier;16;1;
dbo;FCT_HORAS_SEMANA_DOCENTE;ID_PERIODO;int;4;0;
dbo;FCT_HORAS_SEMANA_DOCENTE;ID_CAMPUS;int;4;0;
dbo;FCT_HORAS_SEMANA_DOCENTE;ID_MODALIDAD;int;4;0;
dbo;FCT_HORAS_SEMANA_DOCENTE;ID_PARTE_PERIODO;int;4;0;
dbo;FCT_HORAS_SEMANA_DOCENTE;ID_TIPO_ASIGNATURA;int;4;0;
dbo;FCT_HORAS_SEMANA_DOCENTE;ID_DOCENTE;varchar;20;1;
dbo;FCT_HORAS_SEMANA_DOCENTE;DOCENTEPRINCIPALSECCION;varchar;10;1;
dbo;FCT_HORAS_SEMANA_DOCENTE;SESION;varchar;20;1;
dbo;FCT_HORAS_SEMANA_DOCENTE;LISTACRUZADA;varchar;10;1;
dbo;FCT_HORAS_SEMANA_DOCENTE;ATRIBUTOPLAN;varchar;250;1;
dbo;FCT_HORAS_SEMANA_DOCENTE;NRC;varchar;10;0;
dbo;FCT_HORAS_SEMANA_DOCENTE;CODIGOASIGNATURA;varchar;20;0;
dbo;FCT_HORAS_SEMANA_DOCENTE;TITULOASIGNATURA;varchar;150;0;
dbo;FCT_HORAS_SEMANA_DOCENTE;TIPOHORARIO;varchar;10;1;
dbo;FCT_HORAS_SEMANA_DOCENTE;ESTADO;varchar;50;0;
dbo;FCT_HORAS_SEMANA_DOCENTE;SECCION;varchar;10;0;
dbo;FCT_HORAS_SEMANA_DOCENTE;NROSEMANA;varchar;10;0;
dbo;FCT_HORAS_SEMANA_DOCENTE;ID_FECHAINICIOSEMANA;int;4;0;
dbo;FCT_HORAS_SEMANA_DOCENTE;ID_FECHAFINSEMANA;int;4;0;
dbo;FCT_HORAS_SEMANA_DOCENTE;HORASPROGRAMADAS;varchar;10;0;
dbo;FCT_HORAS_SEMANA_DOCENTE;HORASPEDAGOGICAS;varchar;10;0;
dbo;FCT_HORAS_SEMANA_DOCENTE;HORARIO;varchar;500;1;
dbo;FCT_HORAS_SEMANA_DOCENTE;ID_FECHAINICIOPARTEPERIODO;int;4;0;
dbo;FCT_HORAS_SEMANA_DOCENTE;ID_FECHAFINPARTEPERIODO;int;4;0;
dbo;FCT_HORAS_SEMANA_DOCENTE;NROTOTALSEMANAS;varchar;10;0;
dbo;FCT_HORAS_SEMANA_DOCENTE;DOCENTEPRINCIPAL;varchar;2;1;
dbo;FCT_HORAS_SEMANA_DOCENTE;CALIFICABLENRC;varchar;2;1;
dbo;FCT_HORAS_SEMANA_DOCENTE;FECHACARGA;varchar;80;0;
dbo;FCT_HORAS_SEMANA_DOCENTE;CREDITOMATRICULADOS;varchar;10;1;
dbo;FCT_HORAS_SEMANA_DOCENTE;MATRICULADOS;varchar;10;1;
dbo;FCT_HORAS_SEMANA_DOCENTE;TOTALCREDITOSMATRICULADOS;varchar;10;1;
dbo;FCT_HORAS_SEMANA_DOCENTE;TOTALMATRICULADOS;varchar;10;1;
dbo;FCT_HORAS_SEMANA_DOCENTE;CAMPUSALTERNO;varchar;50;1;
dbo;FCT_HORAS_SEMANA_DOCENTE;FEC_CREACION;datetime;8;1;
dbo;FCT_HORAS_SEMANA_DOCENTE;USR_CREACION;varchar;80;1;
dbo;FCT_HORAS_SEMANA_DOCENTE;SRV_CREACION;varchar;80;1;
dbo;FCT_HORAS_SEMANA_DOCENTE;FEC_ACTUALIZACION;datetime;8;1;
dbo;FCT_HORAS_SEMANA_DOCENTE;USR_ACTUALIZACION;varchar;80;1;
dbo;FCT_HORAS_SEMANA_DOCENTE;SRV_ACTUALIZACION;varchar;80;1;
dbo;FCT_HORAS_SEMANA_DOCENTE;COD_PROCESO;uniqueidentifier;16;1;
dbo;FCT_HORAS_SEMANA_DOCENTE;DES_COND_NRC;varchar;80;1;
dbo;FCT_INNOVACION_DOCENTE;INNOVACION_ID;numeric;9;1;
dbo;FCT_INNOVACION_DOCENTE;Periodo;varchar;80;1;
dbo;FCT_INNOVACION_DOCENTE;PidmProfesor;varchar;80;1;
dbo;FCT_INNOVACION_DOCENTE;DNI;varchar;80;1;
dbo;FCT_INNOVACION_DOCENTE;docente;varchar;161;1;
dbo;FCT_INNOVACION_DOCENTE;Sexo;int;4;1;
dbo;FCT_INNOVACION_DOCENTE;SEDE;varchar;80;1;
dbo;FCT_INNOVACION_DOCENTE;MODALIDAD;varchar;80;1;
dbo;FCT_INNOVACION_DOCENTE;FACULTAD;varchar;80;1;
dbo;FCT_INNOVACION_DOCENTE;NrcCurso;varchar;80;1;
dbo;FCT_INNOVACION_DOCENTE;nombre;varchar;1024;1;
dbo;FCT_INNOVACION_DOCENTE;idCategoria;varchar;80;1;
dbo;FCT_INNOVACION_DOCENTE;idLinea;varchar;80;1;
dbo;FCT_INNOVACION_DOCENTE;idNivelAvance;varchar;80;1;
dbo;FCT_INNOVACION_DOCENTE;idTipo;varchar;80;1;
dbo;FCT_INNOVACION_DOCENTE;idAsesor;varchar;80;1;
dbo;FCT_INNOVACION_DOCENTE;SemanaImplementacion;varchar;80;1;
dbo;FCT_INNOVACION_DOCENTE;UnidadImplementacion;varchar;80;1;
dbo;FCT_INNOVACION_DOCENTE;docenteInnovador;varchar;2;1;
dbo;FCT_INNOVACION_DOCENTE;UnidadFinal;varchar;21;1;
dbo;FCT_INNOVACION_DOCENTE;Ods;varchar;80;1;
dbo;FCT_INNOVACION_DOCENTE;SistematizaEstado;varchar;80;1;
dbo;FCT_INNOVACION_DOCENTE;PrototipaEstado;varchar;80;1;
dbo;FCT_INNOVACION_DOCENTE;EvaluaEstado;varchar;80;1;
dbo;FCT_INNOVACION_DOCENTE;EmpatizaEstado;varchar;80;1;
dbo;FCT_INNOVACION_DOCENTE;ExploraEstado;varchar;80;1;
dbo;FCT_INNOVACION_DOCENTE;ImplementaEstado;varchar;80;1;
dbo;FCT_INNOVACION_DOCENTE;FEC_CREACION;datetime;8;1;
dbo;FCT_INNOVACION_DOCENTE;USR_CREACION;varchar;80;1;
dbo;FCT_INNOVACION_DOCENTE;SRV_CREACION;varchar;80;1;
dbo;FCT_INNOVACION_DOCENTE;FEC_ACTUALIZACION;datetime;8;1;
dbo;FCT_INNOVACION_DOCENTE;USR_ACTUALIZACION;varchar;80;1;
dbo;FCT_INNOVACION_DOCENTE;SRV_ACTUALIZACION;varchar;80;1;
dbo;FCT_INNOVACION_DOCENTE;COD_PROCESO;uniqueidentifier;16;1;
dbo;FCT_INVESTIGADORES;ID_PERSONAN;varchar;15;1;
dbo;FCT_INVESTIGADORES;NRO_DOC;varchar;10;1;
dbo;FCT_INVESTIGADORES;NOM_COMPLETOS;varchar;100;1;
dbo;FCT_INVESTIGADORES;GENERO;varchar;2;1;
dbo;FCT_INVESTIGADORES;RENACYT;varchar;10;1;
dbo;FCT_INVESTIGADORES;ID_UNI_ORG;int;4;1;
dbo;FCT_INVESTIGADORES;ID_CAMPUS;varchar;6;1;
dbo;FCT_INVESTIGADORES;NOMBRAMIENTO;varchar;100;1;
dbo;FCT_INVESTIGADORES;ID_TIPO_VINCULO;int;4;1;
dbo;FCT_INVESTIGADORES;ORCID;varchar;100;1;
dbo;FCT_INVESTIGADORES;ID_ODS;int;4;1;
dbo;FCT_INVESTIGADORES;ID_PERIODO;varchar;6;1;
dbo;FCT_INVESTIGADORES;FEC_REGIS;date;3;1;
dbo;FCT_INVESTIGADORES;FEC_CREACION;datetime;8;0;
dbo;FCT_INVESTIGADORES;USR_CREACION;nvarchar;256;1;
dbo;FCT_INVESTIGADORES;SRV_CREACION;nvarchar;256;1;
dbo;FCT_INVESTIGADORES;FEC_ACTUALIZACION;datetime;8;1;
dbo;FCT_INVESTIGADORES;USR_ACTUALIZACION;varchar;80;1;
dbo;FCT_INVESTIGADORES;SRV_ACTUALIZACION;varchar;80;1;
dbo;FCT_INVESTIGADORES;COD_PROCESO;uniqueidentifier;16;1;
dbo;FCT_LOG_PROCESOS;COD_PROCESO_DETALLE;varchar;80;1;
dbo;FCT_LOG_PROCESOS;CODPROCESO;varchar;80;1;
dbo;FCT_LOG_PROCESOS;NOM_PROCESO;varchar;80;1;
dbo;FCT_LOG_PROCESOS;TBL_DESTINO;varchar;80;1;
dbo;FCT_LOG_PROCESOS;ESTADO;varchar;80;1;
dbo;FCT_LOG_PROCESOS;FLG_ERROR;varchar;80;1;
dbo;FCT_LOG_PROCESOS;MSJ_ERROR;varchar;-1;1;
dbo;FCT_LOG_PROCESOS;FEC_INICIO;datetime;8;1;
dbo;FCT_LOG_PROCESOS;FEC_FIN;datetime;8;1;
dbo;FCT_LOG_PROCESOS;FEC_REGISTRO;datetime;8;1;
dbo;FCT_LOG_PROCESOS;FEC_CREACION;datetime;8;1;
dbo;FCT_LOG_PROCESOS;USR_CREACION;varchar;80;1;
dbo;FCT_LOG_PROCESOS;SRV_CREACION;varchar;80;1;
dbo;FCT_LOG_PROCESOS;COD_PROCESO;uniqueidentifier;16;1;
dbo;FCT_LOGRO_COMPETENCIAS;ID_ESTUDIANTE;int;4;1;
dbo;FCT_LOGRO_COMPETENCIAS;ID_PERIODO;int;4;1;
dbo;FCT_LOGRO_COMPETENCIAS;ID_CAMPUS;int;4;1;
dbo;FCT_LOGRO_COMPETENCIAS;ID_FACULTAD_EAP;int;4;1;
dbo;FCT_LOGRO_COMPETENCIAS;ID_MODALIDAD;int;4;1;
dbo;FCT_LOGRO_COMPETENCIAS;ID_NRC;int;4;1;
dbo;FCT_LOGRO_COMPETENCIAS;ID_ASIGNATURA;int;4;1;
dbo;FCT_LOGRO_COMPETENCIAS;ID_COMPETENCIA;int;4;1;
dbo;FCT_LOGRO_COMPETENCIAS;TIPO_COMPETENCIA;varchar;80;1;
dbo;FCT_LOGRO_COMPETENCIAS;ID_CRITERIO;int;4;1;
dbo;FCT_LOGRO_COMPETENCIAS;TIPO_CRITERIO;varchar;80;1;
dbo;FCT_LOGRO_COMPETENCIAS;SCORE;varchar;-1;1;
dbo;FCT_LOGRO_COMPETENCIAS;ESTADO;varchar;80;1;
dbo;FCT_LOGRO_COMPETENCIAS;NIVEL;int;4;1;
dbo;FCT_LOGRO_COMPETENCIAS;FEC_CREACION;datetime;8;1;
dbo;FCT_LOGRO_COMPETENCIAS;USR_CREACION;varchar;80;1;
dbo;FCT_LOGRO_COMPETENCIAS;SRV_CREACION;varchar;80;1;
dbo;FCT_LOGRO_COMPETENCIAS;FEC_ACTUALIZACION;datetime;8;1;
dbo;FCT_LOGRO_COMPETENCIAS;USR_ACTUALIZACION;varchar;80;1;
dbo;FCT_LOGRO_COMPETENCIAS;SRV_ACTUALIZACION;varchar;80;1;
dbo;FCT_LOGRO_COMPETENCIAS;COD_PROCESO;uniqueidentifier;16;1;
dbo;FCT_LOGRO_COMPETENCIAS;ID_PARTE_PERIODO;int;4;1;
dbo;FCT_LOGRO_COMPETENCIAS;CATALOGO;varchar;80;1;
dbo;FCT_MATRICULA;ID_ESTUDIANTE;int;4;1;
dbo;FCT_MATRICULA;ID_FECHA_MATRICULA;int;4;1;
dbo;FCT_MATRICULA;ID_FECHA;int;4;1;
dbo;FCT_MATRICULA;ID_PERIODO;int;4;1;
dbo;FCT_MATRICULA;ID_CAMPUS;int;4;1;
dbo;FCT_MATRICULA;ID_FACULTAD_EAP;int;4;1;
dbo;FCT_MATRICULA;ID_MODALIDAD;int;4;1;
dbo;FCT_MATRICULA;ID_DEPENDENCIA;int;4;1;
dbo;FCT_MATRICULA;ID_NIVEL;int;4;1;
dbo;FCT_MATRICULA;ID_ESCALA;int;4;1;
dbo;FCT_MATRICULA;ID_MODALIDAD_ADMISION;int;4;1;
dbo;FCT_MATRICULA;ID_ESTADO;int;4;1;
dbo;FCT_MATRICULA;ID_ESTADO_TIPO_ESTUDIANTE;int;4;1;
dbo;FCT_MATRICULA;CICLO_APROBADO;int;4;1;
dbo;FCT_MATRICULA;CICLO_MATRICULA;nchar;20;1;
dbo;FCT_MATRICULA;BECA;varchar;20;1;
dbo;FCT_MATRICULA;CATALOGO;varchar;20;1;
dbo;FCT_MATRICULA;PERIODO_INICIO_ESTUDIO;varchar;10;1;
dbo;FCT_MATRICULA;PEN_PROMEDIO;decimal;9;1;
dbo;FCT_MATRICULA;PRO_PON_NOTAS;decimal;5;1;
dbo;FCT_MATRICULA;ID_PERIODO_DESERCION;int;4;1;
dbo;FCT_MATRICULA;COSTO_CREDITO;decimal;9;1;
dbo;FCT_MATRICULA;ID_ESTADO_MATRICULA;int;4;1;
dbo;FCT_MATRICULA;ID_ESTADO_BANNER;int;4;1;
dbo;FCT_MATRICULA;ID_FECHA_CARGA;int;4;1;
dbo;FCT_MATRICULA;CREDITOS_MATRICULADOS;int;4;1;
dbo;FCT_MATRICULA;ID_CAMPUS_ORIGEN_VIRTUAL;int;4;1;
dbo;FCT_MATRICULA;CICLO_CULMINADO;int;4;1;
dbo;FCT_MATRICULA;FEC_CREACION;datetime;8;1;
dbo;FCT_MATRICULA;USR_CREACION;varchar;80;1;
dbo;FCT_MATRICULA;SRV_CREACION;varchar;80;1;
dbo;FCT_MATRICULA;FEC_ACTUALIZACION;datetime;8;1;
dbo;FCT_MATRICULA;USR_ACTUALIZACION;varchar;80;1;
dbo;FCT_MATRICULA;SRV_ACTUALIZACION;varchar;80;1;
dbo;FCT_MATRICULA;COD_PROCESO;uniqueidentifier;16;1;
dbo;FCT_MATRICULA;PROM_PON_ACUM;decimal;9;1;
dbo;FCT_MATRICULA;ID_ESTADO_INICIAL;int;4;1;
dbo;FCT_MATRICULA;ID_ESTADO_FINAL;int;4;1;
dbo;FCT_MOROSIDAD;ID_ESTUDIANTE;numeric;9;1;
dbo;FCT_MOROSIDAD;ID_CAMPUS;numeric;9;1;
dbo;FCT_MOROSIDAD;ID_MODALIDAD;numeric;9;1;
dbo;FCT_MOROSIDAD;ID_PERIODO_ACADEMICO;numeric;9;1;
dbo;FCT_MOROSIDAD;ID_DEPENDENCIA;numeric;9;1;
dbo;FCT_MOROSIDAD;ID_NIVEL;numeric;9;1;
dbo;FCT_MOROSIDAD;ID_FACULTAD_EAP;numeric;9;1;
dbo;FCT_MOROSIDAD;ID_ESCALA;numeric;9;1;
dbo;FCT_MOROSIDAD;CICLO;int;4;1;
dbo;FCT_MOROSIDAD;ID_SEGMENTO_ESTUDIANTE;numeric;9;1;
dbo;FCT_MOROSIDAD;ID_TIEMPO_CARGO;numeric;9;1;
dbo;FCT_MOROSIDAD;ID_TIEMPO_CANCELACION;numeric;9;1;
dbo;FCT_MOROSIDAD;ID_TIEMPO_DEUDA;numeric;9;1;
dbo;FCT_MOROSIDAD;ID_TIEMPO_VIGENTE_DEUDA;numeric;9;1;
dbo;FCT_MOROSIDAD;NRO_CUOTA;varchar;30;1;
dbo;FCT_MOROSIDAD;CARGO;decimal;9;1;
dbo;FCT_MOROSIDAD;ABONO;decimal;9;1;
dbo;FCT_MOROSIDAD;DEUDA;decimal;9;1;
dbo;FCT_MOROSIDAD;ACTIVOS;int;4;1;
dbo;FCT_MOROSIDAD;DEUDORES;int;4;1;
dbo;FCT_MOROSIDAD;FEC_CREACION;datetime;8;1;
dbo;FCT_MOROSIDAD;USR_CREACION;varchar;80;1;
dbo;FCT_MOROSIDAD;SRV_CREACION;varchar;80;1;
dbo;FCT_MOROSIDAD;FEC_ACTUALIZACION;datetime;8;1;
dbo;FCT_MOROSIDAD;USR_ACTUALIZACION;varchar;80;1;
dbo;FCT_MOROSIDAD;SRV_ACTUALIZACION;varchar;80;1;
dbo;FCT_MOROSIDAD;COD_PROCESO;uniqueidentifier;16;1;
dbo;FCT_OBJETIVOS_EDUCACIONALES;ID_PIDM_USUARIO;varchar;80;1;
dbo;FCT_OBJETIVOS_EDUCACIONALES;ID_PIDM_ESTUDIANTE;varchar;80;1;
dbo;FCT_OBJETIVOS_EDUCACIONALES;ID_DNI;varchar;80;1;
dbo;FCT_OBJETIVOS_EDUCACIONALES;ID_PERIODO;varchar;20;1;
dbo;FCT_OBJETIVOS_EDUCACIONALES;ID_EAP;varchar;5;1;
dbo;FCT_OBJETIVOS_EDUCACIONALES;ID_FACULTAD;varchar;5;1;
dbo;FCT_OBJETIVOS_EDUCACIONALES;ID_CAMPUS;varchar;5;1;
dbo;FCT_OBJETIVOS_EDUCACIONALES;ID_MODALIDAD;varchar;5;1;
dbo;FCT_OBJETIVOS_EDUCACIONALES;ID_ENCUESTA;varchar;80;1;
dbo;FCT_OBJETIVOS_EDUCACIONALES;DES_TIPO_ENCUESTA;varchar;80;1;
dbo;FCT_OBJETIVOS_EDUCACIONALES;DES_TITU_ENCUESTA;varchar;80;1;
dbo;FCT_OBJETIVOS_EDUCACIONALES;DES_TIPO_PREGUNTA;varchar;80;1;
dbo;FCT_OBJETIVOS_EDUCACIONALES;DES_COMPETENCIA;varchar;200;1;
dbo;FCT_OBJETIVOS_EDUCACIONALES;ID_PREGUNTA;varchar;80;1;
dbo;FCT_OBJETIVOS_EDUCACIONALES;DES_PREGUNTA;varchar;-1;1;
dbo;FCT_OBJETIVOS_EDUCACIONALES;ID_RPTA_SIMPLE;varchar;80;1;
dbo;FCT_OBJETIVOS_EDUCACIONALES;ID_RPTA_ENCUESTA;varchar;80;1;
dbo;FCT_OBJETIVOS_EDUCACIONALES;DES_RPTA;varchar;-1;1;
dbo;FCT_OBJETIVOS_EDUCACIONALES;ID_SCORE;int;4;1;
dbo;FCT_OBJETIVOS_EDUCACIONALES;FEC_ENCUESTA;datetime;8;1;
dbo;FCT_OBJETIVOS_EDUCACIONALES;FEC_PREGUNTA;datetime;8;1;
dbo;FCT_OBJETIVOS_EDUCACIONALES;FEC_CRERESENCU;datetime;8;1;
dbo;FCT_OBJETIVOS_EDUCACIONALES;FEC_RERESENCU;datetime;8;1;
dbo;FCT_OBJETIVOS_EDUCACIONALES;RESENCU;int;4;1;
dbo;FCT_OBJETIVOS_EDUCACIONALES;FEC_CREACION;datetime;8;1;
dbo;FCT_OBJETIVOS_EDUCACIONALES;USR_CREACION;varchar;80;1;
dbo;FCT_OBJETIVOS_EDUCACIONALES;SRV_CREACION;varchar;80;1;
dbo;FCT_OBJETIVOS_EDUCACIONALES;FEC_ACTUALIZACION;datetime;8;1;
dbo;FCT_OBJETIVOS_EDUCACIONALES;USR_ACTUALIZACION;varchar;80;1;
dbo;FCT_OBJETIVOS_EDUCACIONALES;SRV_ACTUALIZACION;varchar;80;1;
dbo;FCT_OBJETIVOS_EDUCACIONALES;COD_PROCESO;uniqueidentifier;16;1;
dbo;FCT_OBJETIVOS_EDUCACIONALES;ID_CRITERIO;int;4;1;
dbo;FCT_OBJETIVOS_EDUCACIONALES;DES_CRITERIO;varchar;300;1;
dbo;FCT_PATENTES;ID_PURE;int;4;1;
dbo;FCT_PATENTES;ID_UNI_ORG;int;4;1;
dbo;FCT_PATENTES;ID_TIPO_VINCULO;int;4;1;
dbo;FCT_PATENTES;FECHA;varchar;40;1;
dbo;FCT_PATENTES;ID_LINEA_INVEST;int;4;1;
dbo;FCT_PATENTES;MES;int;4;1;
dbo;FCT_PATENTES;ID_PERIODO;varchar;6;1;
dbo;FCT_PATENTES;FEC_REGISTRO;date;3;1;
dbo;FCT_PATENTES;FEC_CREACION;datetime;8;0;
dbo;FCT_PATENTES;USR_CREACION;nvarchar;256;1;
dbo;FCT_PATENTES;SRV_CREACION;nvarchar;256;1;
dbo;FCT_PATENTES;FEC_ACTUALIZACION;datetime;8;1;
dbo;FCT_PATENTES;USR_ACTUALIZACION;varchar;80;1;
dbo;FCT_PATENTES;SRV_ACTUALIZACION;varchar;80;1;
dbo;FCT_PATENTES;COD_PROCESO;uniqueidentifier;16;1;
dbo;FCT_PENSION_PROMEDIO;ID_ESTUDIANTE;numeric;9;1;
dbo;FCT_PENSION_PROMEDIO;ID_CAMPUS;numeric;9;1;
dbo;FCT_PENSION_PROMEDIO;ID_MODALIDAD;numeric;9;1;
dbo;FCT_PENSION_PROMEDIO;ID_PERIODO_ACADEMICO;numeric;9;1;
dbo;FCT_PENSION_PROMEDIO;ID_DEPENDENCIA;numeric;9;1;
dbo;FCT_PENSION_PROMEDIO;ID_NIVEL;numeric;9;1;
dbo;FCT_PENSION_PROMEDIO;ID_FACULTAD_EAP;numeric;9;1;
dbo;FCT_PENSION_PROMEDIO;ID_ESCALA;numeric;9;1;
dbo;FCT_PENSION_PROMEDIO;CICLO;int;4;1;
dbo;FCT_PENSION_PROMEDIO;ID_SEGMENTO_ESTUDIANTE;numeric;9;1;
dbo;FCT_PENSION_PROMEDIO;ID_TIEMPO_CARGO;numeric;9;1;
dbo;FCT_PENSION_PROMEDIO;ID_TIEMPO_INICIO;numeric;9;1;
dbo;FCT_PENSION_PROMEDIO;ID_TIEMPO_VIGENTE;numeric;9;1;
dbo;FCT_PENSION_PROMEDIO;NRO_CUOTA;varchar;30;1;
dbo;FCT_PENSION_PROMEDIO;CARGO;decimal;9;1;
dbo;FCT_PENSION_PROMEDIO;CARGO_REAL;decimal;9;1;
dbo;FCT_PENSION_PROMEDIO;MONTO_RECONOCIDO;decimal;9;1;
dbo;FCT_PENSION_PROMEDIO;FEC_CREACION;datetime;8;1;
dbo;FCT_PENSION_PROMEDIO;USR_CREACION;varchar;80;1;
dbo;FCT_PENSION_PROMEDIO;SRV_CREACION;varchar;80;1;
dbo;FCT_PENSION_PROMEDIO;FEC_ACTUALIZACION;datetime;8;1;
dbo;FCT_PENSION_PROMEDIO;USR_ACTUALIZACION;varchar;80;1;
dbo;FCT_PENSION_PROMEDIO;SRV_ACTUALIZACION;varchar;80;1;
dbo;FCT_PENSION_PROMEDIO;COD_PROCESO;uniqueidentifier;16;1;
dbo;FCT_PERFIL_ESTUDIANTE_UC;ID_ESTUDIANTE;numeric;9;0;
dbo;FCT_PERFIL_ESTUDIANTE_UC;ID_PERIODO_ACADEMICO;numeric;9;0;
dbo;FCT_PERFIL_ESTUDIANTE_UC;ID_CAMPUS;numeric;9;0;
dbo;FCT_PERFIL_ESTUDIANTE_UC;ID_FACULTAD_EAP;numeric;9;0;
dbo;FCT_PERFIL_ESTUDIANTE_UC;ID_MODALIDAD;numeric;9;0;
dbo;FCT_PERFIL_ESTUDIANTE_UC;ID_ESCALA;numeric;9;0;
dbo;FCT_PERFIL_ESTUDIANTE_UC;ID_MODALIDAD_ADMISION;numeric;9;0;
dbo;FCT_PERFIL_ESTUDIANTE_UC;CICLO;int;4;1;
dbo;FCT_PERFIL_ESTUDIANTE_UC;ESTADO;varchar;80;1;
dbo;FCT_PERFIL_ESTUDIANTE_UC;IDPREGUNTA;int;4;1;
dbo;FCT_PERFIL_ESTUDIANTE_UC;NROPREGUNTA;int;4;1;
dbo;FCT_PERFIL_ESTUDIANTE_UC;NOMBREPREGUNTA;varchar;-1;1;
dbo;FCT_PERFIL_ESTUDIANTE_UC;IDALTERNATIVA;varchar;80;1;
dbo;FCT_PERFIL_ESTUDIANTE_UC;NROALTERNATIVA;varchar;80;1;
dbo;FCT_PERFIL_ESTUDIANTE_UC;NOMBREALTERNATIVA;varchar;-1;1;
dbo;FCT_PERFIL_ESTUDIANTE_UC;COMENTARIOS;varchar;-1;1;
dbo;FCT_PERFIL_ESTUDIANTE_UC;FEC_CREACION;datetime;8;1;
dbo;FCT_PERFIL_ESTUDIANTE_UC;USR_CREACION;varchar;80;1;
dbo;FCT_PERFIL_ESTUDIANTE_UC;SRV_CREACION;varchar;80;1;
dbo;FCT_PERFIL_ESTUDIANTE_UC;FEC_ACTUALIZACION;datetime;8;1;
dbo;FCT_PERFIL_ESTUDIANTE_UC;USR_ACTUALIZACION;varchar;80;1;
dbo;FCT_PERFIL_ESTUDIANTE_UC;SRV_ACTUALIZACION;varchar;80;1;
dbo;FCT_PERFIL_ESTUDIANTE_UC;COD_PROCESO;uniqueidentifier;16;1;
dbo;FCT_PERFIL_ESTUDIANTE_UC;ID_TIPO_PREGUNTA;int;4;1;
dbo;FCT_PERFIL_ESTUDIANTE_UC;ID_POBLACION_CENSO;varchar;80;1;
dbo;FCT_PERFIL_UC_ESTUDIANTE;ID_ANIO;numeric;9;0;SI
dbo;FCT_PERFIL_UC_ESTUDIANTE;ID_CAMPUS;numeric;9;0;SI
dbo;FCT_PERFIL_UC_ESTUDIANTE;ID_MODALIDAD;numeric;9;0;SI
dbo;FCT_PERFIL_UC_ESTUDIANTE;ID_PERIODO_ACADEMICO;numeric;9;0;SI
dbo;FCT_PERFIL_UC_ESTUDIANTE;ID_FACULTAD_EAP;numeric;9;0;SI
dbo;FCT_PERFIL_UC_ESTUDIANTE;ID_UBIGEO_RESIDENCIA;numeric;9;0;SI
dbo;FCT_PERFIL_UC_ESTUDIANTE;ID_FUNNEL;numeric;9;0;SI
dbo;FCT_PERFIL_UC_ESTUDIANTE;ID_PERSONA;numeric;9;0;SI
dbo;FCT_PERFIL_UC_ESTUDIANTE;ID_RANGO_ETARIO;numeric;9;1;
dbo;FCT_PERFIL_UC_ESTUDIANTE;ID_NIVEL_EDUCATIVO;numeric;9;1;
dbo;FCT_PERFIL_UC_ESTUDIANTE;ID_NIVEL_EDUCATIVO_PADRE;numeric;9;1;
dbo;FCT_PERFIL_UC_ESTUDIANTE;ID_NIVEL_EDUCATIVO_MADRE;numeric;9;1;
dbo;FCT_PERFIL_UC_ESTUDIANTE;ID_TIPO_EMPRENDIMIENTO;numeric;9;1;
dbo;FCT_PERFIL_UC_ESTUDIANTE;ID_TIPO_FINANCIAMIENTO;numeric;9;1;
dbo;FCT_PERFIL_UC_ESTUDIANTE;ID_TIEMPO_EMPRENDIMIENTO;numeric;9;1;
dbo;FCT_PERFIL_UC_ESTUDIANTE;ID_UNIVERSIDAD_RANKING;numeric;9;0;
dbo;FCT_PERFIL_UC_ESTUDIANTE;ID_EAP_POTENCIAL;numeric;9;1;
dbo;FCT_PERFIL_UC_ESTUDIANTE;ID_DISPONIBILIDAD_INTERNET;numeric;9;1;
dbo;FCT_PERFIL_UC_ESTUDIANTE;IND_MUJER;numeric;9;1;
dbo;FCT_PERFIL_UC_ESTUDIANTE;IND_MIGRANTE;numeric;9;1;
dbo;FCT_PERFIL_UC_ESTUDIANTE;IND_PRIMERA_GENERACION;numeric;9;1;
dbo;FCT_PERFIL_UC_ESTUDIANTE;IND_TRABAJADOR;numeric;9;1;
dbo;FCT_PERFIL_UC_ESTUDIANTE;IND_TRABAJADOR_DEPENDIENTE;numeric;9;1;
dbo;FCT_PERFIL_UC_ESTUDIANTE;IND_TRABAJADOR_INDEPENDIENTE;numeric;9;1;
dbo;FCT_PERFIL_UC_ESTUDIANTE;IND_ESTUDIANTE_EMPRENDEDOR;numeric;9;1;
dbo;FCT_PERFIL_UC_ESTUDIANTE;IND_ESTUDIANTE_INTERES_EMPRENDEDOR;numeric;9;1;
dbo;FCT_PERFIL_UC_ESTUDIANTE;FEC_CREACION;datetime;8;1;
dbo;FCT_PERFIL_UC_ESTUDIANTE;USR_CREACION;varchar;80;1;
dbo;FCT_PERFIL_UC_ESTUDIANTE;SRV_CREACION;varchar;80;1;
dbo;FCT_PERFIL_UC_ESTUDIANTE;FEC_ACTUALIZACION;datetime;8;1;
dbo;FCT_PERFIL_UC_ESTUDIANTE;USR_ACTUALIZACION;varchar;80;1;
dbo;FCT_PERFIL_UC_ESTUDIANTE;SRV_ACTUALIZACION;varchar;80;1;
dbo;FCT_PERFIL_UC_ESTUDIANTE;COD_PROCESO;uniqueidentifier;16;1;
dbo;FCT_PERFIL_UC_ESTUDIANTE;IND_PRIMERA_OPCION;int;4;1;
dbo;FCT_PERFIL_UC_INTERESADO;ID_TIEMPO;numeric;9;0;SI
dbo;FCT_PERFIL_UC_INTERESADO;ID_CAMPUS;numeric;9;0;SI
dbo;FCT_PERFIL_UC_INTERESADO;ID_MODALIDAD;numeric;9;0;SI
dbo;FCT_PERFIL_UC_INTERESADO;ID_PERIODO_ACADEMICO;numeric;9;0;SI
dbo;FCT_PERFIL_UC_INTERESADO;ID_FACULTAD_EAP;numeric;9;0;SI
dbo;FCT_PERFIL_UC_INTERESADO;ID_UBIGEO_RESIDENCIA;numeric;9;0;SI
dbo;FCT_PERFIL_UC_INTERESADO;ID_FUNNEL;numeric;9;0;SI
dbo;FCT_PERFIL_UC_INTERESADO;ID_INTERESADO;numeric;9;0;SI
dbo;FCT_PERFIL_UC_INTERESADO;ID_EAP_POTENCIAL;numeric;9;1;
dbo;FCT_PERFIL_UC_INTERESADO;FEC_CREACION;datetime;8;1;
dbo;FCT_PERFIL_UC_INTERESADO;USR_CREACION;varchar;80;1;
dbo;FCT_PERFIL_UC_INTERESADO;SRV_CREACION;varchar;80;1;
dbo;FCT_PERFIL_UC_INTERESADO;FEC_ACTUALIZACION;datetime;8;1;
dbo;FCT_PERFIL_UC_INTERESADO;USR_ACTUALIZACION;varchar;80;1;
dbo;FCT_PERFIL_UC_INTERESADO;SRV_ACTUALIZACION;varchar;80;1;
dbo;FCT_PERFIL_UC_INTERESADO;COD_PROCESO;uniqueidentifier;16;1;
dbo;FCT_PERFIL_UC_POSTULANTE;ID_ANIO;numeric;9;0;SI
dbo;FCT_PERFIL_UC_POSTULANTE;ID_CAMPUS;numeric;9;0;SI
dbo;FCT_PERFIL_UC_POSTULANTE;ID_MODALIDAD;numeric;9;0;SI
dbo;FCT_PERFIL_UC_POSTULANTE;ID_PERIODO_ACADEMICO;numeric;9;0;SI
dbo;FCT_PERFIL_UC_POSTULANTE;ID_FACULTAD_EAP;numeric;9;0;SI
dbo;FCT_PERFIL_UC_POSTULANTE;ID_UBIGEO_RESIDENCIA;numeric;9;0;SI
dbo;FCT_PERFIL_UC_POSTULANTE;ID_FUNNEL;numeric;9;0;SI
dbo;FCT_PERFIL_UC_POSTULANTE;ID_PERSONA;numeric;9;0;SI
dbo;FCT_PERFIL_UC_POSTULANTE;ID_RANGO_ETARIO;numeric;9;1;
dbo;FCT_PERFIL_UC_POSTULANTE;ID_EAP_POTENCIAL;numeric;9;1;
dbo;FCT_PERFIL_UC_POSTULANTE;IND_MUJER;numeric;9;1;
dbo;FCT_PERFIL_UC_POSTULANTE;IND_MIGRANTE;numeric;9;1;
dbo;FCT_PERFIL_UC_POSTULANTE;IND_TRABAJADOR;numeric;9;1;
dbo;FCT_PERFIL_UC_POSTULANTE;FEC_CREACION;datetime;8;1;
dbo;FCT_PERFIL_UC_POSTULANTE;USR_CREACION;varchar;80;1;
dbo;FCT_PERFIL_UC_POSTULANTE;SRV_CREACION;varchar;80;1;
dbo;FCT_PERFIL_UC_POSTULANTE;FEC_ACTUALIZACION;datetime;8;1;
dbo;FCT_PERFIL_UC_POSTULANTE;USR_ACTUALIZACION;varchar;80;1;
dbo;FCT_PERFIL_UC_POSTULANTE;SRV_ACTUALIZACION;varchar;80;1;
dbo;FCT_PERFIL_UC_POSTULANTE;COD_PROCESO;uniqueidentifier;16;1;
dbo;FCT_PERTENENCIA_DOCENTE;ID_DOCENTE;numeric;9;1;
dbo;FCT_PERTENENCIA_DOCENTE;PIDM_DOCENTE;varchar;30;1;
dbo;FCT_PERTENENCIA_DOCENTE;ID_PERIODO_ACADEMICO;numeric;9;1;
dbo;FCT_PERTENENCIA_DOCENTE;ID_CAMPUS;numeric;9;1;
dbo;FCT_PERTENENCIA_DOCENTE;ID_MODALIDAD;numeric;9;1;
dbo;FCT_PERTENENCIA_DOCENTE;ID_FACULTAD;numeric;9;1;
dbo;FCT_PERTENENCIA_DOCENTE;ID_EAP;numeric;9;1;
dbo;FCT_PERTENENCIA_DOCENTE;TIPO_DOCENTE;varchar;50;1;
dbo;FCT_PERTENENCIA_DOCENTE;CARGA_LABORAL;varchar;50;1;
dbo;FCT_PERTENENCIA_DOCENTE;TIPO_CONTRATO;varchar;50;1;
dbo;FCT_PERTENENCIA_DOCENTE;TIPO_CONTRATO_NIVEL;varchar;50;1;
dbo;FCT_PERTENENCIA_DOCENTE;FEC_CREACION;datetime;8;1;
dbo;FCT_PERTENENCIA_DOCENTE;USR_CREACION;varchar;80;1;
dbo;FCT_PERTENENCIA_DOCENTE;SRV_CREACION;varchar;80;1;
dbo;FCT_PERTENENCIA_DOCENTE;FEC_ACTUALIZACION;datetime;8;1;
dbo;FCT_PERTENENCIA_DOCENTE;USR_ACTUALIZACION;varchar;80;1;
dbo;FCT_PERTENENCIA_DOCENTE;SRV_ACTUALIZACION;varchar;80;1;
dbo;FCT_PERTENENCIA_DOCENTE;COD_PROCESO;uniqueidentifier;16;1;
dbo;FCT_PRAC_PRE_PROFESIONAL;ID_PERIODO;varchar;20;1;
dbo;FCT_PRAC_PRE_PROFESIONAL;DES_TIPOPERIODO;varchar;20;1;
dbo;FCT_PRAC_PRE_PROFESIONAL;ID_CAMPUS;varchar;20;1;
dbo;FCT_PRAC_PRE_PROFESIONAL;ID_MODALIDAD;varchar;5;1;
dbo;FCT_PRAC_PRE_PROFESIONAL;ID_FACULTAD;varchar;5;1;
dbo;FCT_PRAC_PRE_PROFESIONAL;ID_EAP;varchar;5;1;
dbo;FCT_PRAC_PRE_PROFESIONAL;ID_CICLO;varchar;5;1;
dbo;FCT_PRAC_PRE_PROFESIONAL;ID_PIDM;varchar;30;1;
dbo;FCT_PRAC_PRE_PROFESIONAL;ID_ALUMNO;varchar;30;1;
dbo;FCT_PRAC_PRE_PROFESIONAL;ID_MODA_PRACPRE;varchar;5;1;
dbo;FCT_PRAC_PRE_PROFESIONAL;ID_ULTCICLO;int;4;1;
dbo;FCT_PRAC_PRE_PROFESIONAL;FEC_CREACION;datetime;8;1;
dbo;FCT_PRAC_PRE_PROFESIONAL;USR_CREACION;varchar;80;1;
dbo;FCT_PRAC_PRE_PROFESIONAL;SRV_CREACION;varchar;80;1;
dbo;FCT_PRAC_PRE_PROFESIONAL;FEC_ACTUALIZACION;datetime;8;1;
dbo;FCT_PRAC_PRE_PROFESIONAL;USR_ACTUALIZACION;varchar;80;1;
dbo;FCT_PRAC_PRE_PROFESIONAL;SRV_ACTUALIZACION;varchar;80;1;
dbo;FCT_PRAC_PRE_PROFESIONAL;COD_PROCESO;uniqueidentifier;16;1;
dbo;FCT_PRESUPUESTO;ID_DEPARTAMENTO;numeric;9;1;
dbo;FCT_PRESUPUESTO;ID_CENTROCOSTO;numeric;9;1;
dbo;FCT_PRESUPUESTO;ID_PROPOSITO;numeric;9;1;
dbo;FCT_PRESUPUESTO;ID_PRESUPUESTAL;numeric;9;1;
dbo;FCT_PRESUPUESTO;ID_PLANCUENTA;numeric;9;1;
dbo;FCT_PRESUPUESTO;DATAAREAID;varchar;100;1;
dbo;FCT_PRESUPUESTO;ID_TIEMPO_OPERACION;numeric;9;1;
dbo;FCT_PRESUPUESTO;AMOUNTMST;decimal;9;1;
dbo;FCT_PRESUPUESTO;FEC_CREACION;datetime;8;1;
dbo;FCT_PRESUPUESTO;USR_CREACION;varchar;80;1;
dbo;FCT_PRESUPUESTO;SRV_CREACION;varchar;80;1;
dbo;FCT_PRESUPUESTO;FEC_ACTUALIZACION;datetime;8;1;
dbo;FCT_PRESUPUESTO;USR_ACTUALIZACION;varchar;80;1;
dbo;FCT_PRESUPUESTO;SRV_ACTUALIZACION;varchar;80;1;
dbo;FCT_PRESUPUESTO;COD_PROCESO;uniqueidentifier;16;1;
dbo;FCT_PROBABILIDAD_PAGO;ID_ESTUDIANTE;numeric;9;1;
dbo;FCT_PROBABILIDAD_PAGO;ID_CAMPUS;numeric;9;1;
dbo;FCT_PROBABILIDAD_PAGO;ID_MODALIDAD;numeric;9;1;
dbo;FCT_PROBABILIDAD_PAGO;ID_PERIODO_ACADEMICO;numeric;9;1;
dbo;FCT_PROBABILIDAD_PAGO;ID_DEPENDENCIA;numeric;9;1;
dbo;FCT_PROBABILIDAD_PAGO;ID_NIVEL;numeric;9;1;
dbo;FCT_PROBABILIDAD_PAGO;ID_FACULTAD_EAP;numeric;9;1;
dbo;FCT_PROBABILIDAD_PAGO;CICLO;int;4;1;
dbo;FCT_PROBABILIDAD_PAGO;ID_CICLO;numeric;9;1;
dbo;FCT_PROBABILIDAD_PAGO;PROM_PON_ACUM;decimal;9;1;
dbo;FCT_PROBABILIDAD_PAGO;ID_PROM_PON_ACUM;numeric;9;1;
dbo;FCT_PROBABILIDAD_PAGO;PORCENTAJE_COMPORTAMIENTO_PAGO;int;4;1;
dbo;FCT_PROBABILIDAD_PAGO;ID_COMPORTAMIENTO_PAGO;numeric;9;1;
dbo;FCT_PROBABILIDAD_PAGO;PORCENTAJE_ASISTENCIA;decimal;9;1;
dbo;FCT_PROBABILIDAD_PAGO;ID_ASISTENCIA;numeric;9;1;
dbo;FCT_PROBABILIDAD_PAGO;PORCENTAJE_DEUDA;decimal;9;1;
dbo;FCT_PROBABILIDAD_PAGO;ID_DEUDA;numeric;9;1;
dbo;FCT_PROBABILIDAD_PAGO;ID_SEGMENTACION;numeric;9;1;
dbo;FCT_PROBABILIDAD_PAGO;FEC_CREACION;datetime;8;1;
dbo;FCT_PROBABILIDAD_PAGO;USR_CREACION;varchar;80;1;
dbo;FCT_PROBABILIDAD_PAGO;SRV_CREACION;varchar;80;1;
dbo;FCT_PROBABILIDAD_PAGO;FEC_ACTUALIZACION;datetime;8;1;
dbo;FCT_PROBABILIDAD_PAGO;USR_ACTUALIZACION;varchar;80;1;
dbo;FCT_PROBABILIDAD_PAGO;SRV_ACTUALIZACION;varchar;80;1;
dbo;FCT_PROBABILIDAD_PAGO;COD_PROCESO;uniqueidentifier;16;1;
dbo;FCT_PROGRAMACION_DOCENTE;ID_DOCENTE;numeric;9;1;
dbo;FCT_PROGRAMACION_DOCENTE;ID_PERIODO_ACADEMICO;numeric;9;1;
dbo;FCT_PROGRAMACION_DOCENTE;ID_CAMPUS;numeric;9;1;
dbo;FCT_PROGRAMACION_DOCENTE;ID_MODALIDAD;numeric;9;1;
dbo;FCT_PROGRAMACION_DOCENTE;ID_PARTE_PERIODO;numeric;9;1;
dbo;FCT_PROGRAMACION_DOCENTE;ID_EAP;numeric;9;1;
dbo;FCT_PROGRAMACION_DOCENTE;ID_TIPO_ASIGNATURA;numeric;9;1;
dbo;FCT_PROGRAMACION_DOCENTE;TIPO_DOCENTE;varchar;50;1;
dbo;FCT_PROGRAMACION_DOCENTE;CARGA_LABORAL;varchar;50;1;
dbo;FCT_PROGRAMACION_DOCENTE;TIPO_CONTRATO;varchar;50;1;
dbo;FCT_PROGRAMACION_DOCENTE;TIPO_CONTRATO_NIVEL;varchar;50;1;
dbo;FCT_PROGRAMACION_DOCENTE;FEC_CREACION;datetime;8;1;
dbo;FCT_PROGRAMACION_DOCENTE;USR_CREACION;varchar;80;1;
dbo;FCT_PROGRAMACION_DOCENTE;SRV_CREACION;varchar;80;1;
dbo;FCT_PROGRAMACION_DOCENTE;FEC_ACTUALIZACION;datetime;8;1;
dbo;FCT_PROGRAMACION_DOCENTE;USR_ACTUALIZACION;varchar;80;1;
dbo;FCT_PROGRAMACION_DOCENTE;SRV_ACTUALIZACION;varchar;80;1;
dbo;FCT_PROGRAMACION_DOCENTE;COD_PROCESO;uniqueidentifier;16;1;
dbo;FCT_PROGRAMAS_EXTRACURRICULARES;CODIGO_MATRICULA;int;4;1;
dbo;FCT_PROGRAMAS_EXTRACURRICULARES;CURRICULUM;int;4;1;
dbo;FCT_PROGRAMAS_EXTRACURRICULARES;ID_PERSONA;int;4;1;
dbo;FCT_PROGRAMAS_EXTRACURRICULARES;CODIGO_PROGRAMACION;int;4;1;
dbo;FCT_PROGRAMAS_EXTRACURRICULARES;ID_CAMPUS;int;4;1;
dbo;FCT_PROGRAMAS_EXTRACURRICULARES;ID_MODALIDAD;int;4;1;
dbo;FCT_PROGRAMAS_EXTRACURRICULARES;ID_PERIODO_ACADEMICO;int;4;1;
dbo;FCT_PROGRAMAS_EXTRACURRICULARES;ID_NRC;int;4;1;
dbo;FCT_PROGRAMAS_EXTRACURRICULARES;ID_ACTIVIDAD;int;4;1;
dbo;FCT_PROGRAMAS_EXTRACURRICULARES;ID_EJE;int;4;1;
dbo;FCT_PROGRAMAS_EXTRACURRICULARES;ID_EAP;int;4;1;
dbo;FCT_PROGRAMAS_EXTRACURRICULARES;ID_TIEMPO_I;int;4;1;
dbo;FCT_PROGRAMAS_EXTRACURRICULARES;ID_TIEMPO_F;int;4;1;
dbo;FCT_PROGRAMAS_EXTRACURRICULARES;FEC_CREACION;datetime;8;1;
dbo;FCT_PROGRAMAS_EXTRACURRICULARES;USR_CREACION;varchar;80;1;
dbo;FCT_PROGRAMAS_EXTRACURRICULARES;SRV_CREACION;varchar;80;1;
dbo;FCT_PROGRAMAS_EXTRACURRICULARES;FEC_ACTUALIZACION;datetime;8;1;
dbo;FCT_PROGRAMAS_EXTRACURRICULARES;USR_ACTUALIZACION;varchar;80;1;
dbo;FCT_PROGRAMAS_EXTRACURRICULARES;SRV_ACTUALIZACION;varchar;80;1;
dbo;FCT_PROGRAMAS_EXTRACURRICULARES;COD_PROCESO;uniqueidentifier;16;1;
dbo;FCT_PROYECTOS;ID_PROYECTO;int;4;1;
dbo;FCT_PROYECTOS;ID_TIPO_PROYECTO;int;4;1;
dbo;FCT_PROYECTOS;ID_TIPO_PRINCIPAL;int;4;1;
dbo;FCT_PROYECTOS;ID_LINEA_INVEST;int;4;1;
dbo;FCT_PROYECTOS;ID_UNI_ORG;int;4;1;
dbo;FCT_PROYECTOS;FEC_INI;varchar;30;1;
dbo;FCT_PROYECTOS;FEC_FIN;varchar;30;1;
dbo;FCT_PROYECTOS;DURACION;int;4;1;
dbo;FCT_PROYECTOS;PASO_FLUJO;varchar;100;1;
dbo;FCT_PROYECTOS;ID_PERIODO;varchar;6;1;
dbo;FCT_PROYECTOS;FEC_REGIS;varchar;10;1;
dbo;FCT_PROYECTOS;FEC_CREACION;datetime;8;0;
dbo;FCT_PROYECTOS;USR_CREACION;nvarchar;256;1;
dbo;FCT_PROYECTOS;SRV_CREACION;nvarchar;256;1;
dbo;FCT_PROYECTOS;FEC_ACTUALIZACION;datetime;8;1;
dbo;FCT_PROYECTOS;USR_ACTUALIZACION;varchar;80;1;
dbo;FCT_PROYECTOS;SRV_ACTUALIZACION;varchar;80;1;
dbo;FCT_PROYECTOS;COD_PROCESO;uniqueidentifier;16;1;
dbo;FCT_PUBLICACIONES;ID_PUBLICACION;numeric;9;1;
dbo;FCT_PUBLICACIONES;DES_CAMPUS;varchar;80;1;
dbo;FCT_PUBLICACIONES;DES_FACULTAD;varchar;100;1;
dbo;FCT_PUBLICACIONES;ID_PERIODO_ACADEMICO;numeric;9;1;
dbo;FCT_PUBLICACIONES;ID_TIEMPO_REGISTRO;numeric;9;1;
dbo;FCT_PUBLICACIONES;FEC_CREACION;datetime;8;1;
dbo;FCT_PUBLICACIONES;USR_CREACION;varchar;80;1;
dbo;FCT_PUBLICACIONES;SRV_CREACION;varchar;80;1;
dbo;FCT_PUBLICACIONES;FEC_ACTUALIZACION;datetime;8;1;
dbo;FCT_PUBLICACIONES;USR_ACTUALIZACION;varchar;80;1;
dbo;FCT_PUBLICACIONES;SRV_ACTUALIZACION;varchar;80;1;
dbo;FCT_PUBLICACIONES;COD_PROCESO;uniqueidentifier;16;1;
dbo;FCT_RANKING_MOTIVOS;ID_ANIO;numeric;9;0;SI
dbo;FCT_RANKING_MOTIVOS;ID_CAMPUS;numeric;9;0;SI
dbo;FCT_RANKING_MOTIVOS;ID_MODALIDAD;numeric;9;0;SI
dbo;FCT_RANKING_MOTIVOS;ID_PERIODO_ACADEMICO;numeric;9;0;SI
dbo;FCT_RANKING_MOTIVOS;ID_FACULTAD_EAP;numeric;9;0;SI
dbo;FCT_RANKING_MOTIVOS;ID_UBIGEO_RESIDENCIA;numeric;9;0;SI
dbo;FCT_RANKING_MOTIVOS;ID_ESTUDIANTE;numeric;9;0;SI
dbo;FCT_RANKING_MOTIVOS;ID_RANKING_UNIVERSIDAD;numeric;9;1;
dbo;FCT_RANKING_MOTIVOS;ID_MOTIVO_RANKING_UNIVERSIDAD;numeric;9;1;
dbo;FCT_RANKING_MOTIVOS;FEC_CREACION;datetime;8;1;
dbo;FCT_RANKING_MOTIVOS;USR_CREACION;varchar;80;1;
dbo;FCT_RANKING_MOTIVOS;SRV_CREACION;varchar;80;1;
dbo;FCT_RANKING_MOTIVOS;FEC_ACTUALIZACION;datetime;8;1;
dbo;FCT_RANKING_MOTIVOS;USR_ACTUALIZACION;varchar;80;1;
dbo;FCT_RANKING_MOTIVOS;SRV_ACTUALIZACION;varchar;80;1;
dbo;FCT_RANKING_MOTIVOS;COD_PROCESO;uniqueidentifier;16;1;
dbo;FCT_REPORTE_GENERAL_CAS;TICKET;int;4;1;
dbo;FCT_REPORTE_GENERAL_CAS;ID_PERSONA;numeric;9;1;
dbo;FCT_REPORTE_GENERAL_CAS;ID_CAMPUS;numeric;9;1;
dbo;FCT_REPORTE_GENERAL_CAS;ID_MODALIDAD;numeric;9;1;
dbo;FCT_REPORTE_GENERAL_CAS;ID_EAP;numeric;9;1;
dbo;FCT_REPORTE_GENERAL_CAS;FECHA_REPORTE;datetime;8;1;
dbo;FCT_REPORTE_GENERAL_CAS;FECHA_PUBLICACION;datetime;8;1;
dbo;FCT_REPORTE_GENERAL_CAS;DES_TIPO_USUARIO;varchar;80;1;
dbo;FCT_REPORTE_GENERAL_CAS;COD_CANAL_ATENCION;int;4;1;
dbo;FCT_REPORTE_GENERAL_CAS;DES_CANAL_ATENCION;varchar;100;1;
dbo;FCT_REPORTE_GENERAL_CAS;COD_USUARIO;int;4;1;
dbo;FCT_REPORTE_GENERAL_CAS;DES_USUARIO;varchar;200;1;
dbo;FCT_REPORTE_GENERAL_CAS;COD_AREA;int;4;1;
dbo;FCT_REPORTE_GENERAL_CAS;DES_AREA;varchar;250;1;
dbo;FCT_REPORTE_GENERAL_CAS;COD_TIPO_ATENCION;int;4;1;
dbo;FCT_REPORTE_GENERAL_CAS;DES_TIPO_ATENCION;varchar;100;1;
dbo;FCT_REPORTE_GENERAL_CAS;COD_CATEGORIA;int;4;1;
dbo;FCT_REPORTE_GENERAL_CAS;DES_CATEGORIA;varchar;300;1;
dbo;FCT_REPORTE_GENERAL_CAS;COD_SUB_CATEGORIA;int;4;1;
dbo;FCT_REPORTE_GENERAL_CAS;DES_SUB_CATEGORIA;varchar;300;1;
dbo;FCT_REPORTE_GENERAL_CAS;COD_TIPIFICACION;int;4;1;
dbo;FCT_REPORTE_GENERAL_CAS;DES_TIPIFICACION;varchar;300;1;
dbo;FCT_REPORTE_GENERAL_CAS;COD_ESTADO;int;4;1;
dbo;FCT_REPORTE_GENERAL_CAS;DES_ESTADO;varchar;100;1;
dbo;FCT_REPORTE_GENERAL_CAS;COD_USUARIO_CARGO;int;4;1;
dbo;FCT_REPORTE_GENERAL_CAS;DES_USUARIO_CARGO;varchar;200;1;
dbo;FCT_REPORTE_GENERAL_CAS;COD_EQUIPO_CARGO;varchar;80;1;
dbo;FCT_REPORTE_GENERAL_CAS;DES_EQUIPO_CARGO;varchar;200;1;
dbo;FCT_REPORTE_GENERAL_CAS;ULTIMA_FECHA_ACTUALIZACION;datetime;8;1;
dbo;FCT_REPORTE_GENERAL_CAS;FEC_CREACION;datetime;8;1;
dbo;FCT_REPORTE_GENERAL_CAS;USR_CREACION;varchar;80;1;
dbo;FCT_REPORTE_GENERAL_CAS;SRV_CREACION;varchar;80;1;
dbo;FCT_REPORTE_GENERAL_CAS;FEC_ACTUALIZACION;datetime;8;1;
dbo;FCT_REPORTE_GENERAL_CAS;USR_ACTUALIZACION;varchar;80;1;
dbo;FCT_REPORTE_GENERAL_CAS;SRV_ACTUALIZACION;varchar;80;1;
dbo;FCT_REPORTE_GENERAL_CAS;COD_PROCESO;uniqueidentifier;16;1;
dbo;FCT_REPORTE_GESTION_DOCENTE;ID_PERIODO;numeric;9;0;
dbo;FCT_REPORTE_GESTION_DOCENTE;ID_DOCENTE;numeric;9;0;
dbo;FCT_REPORTE_GESTION_DOCENTE;ID_CAMPUS;numeric;9;0;
dbo;FCT_REPORTE_GESTION_DOCENTE;ID_MODALIDAD;numeric;9;0;
dbo;FCT_REPORTE_GESTION_DOCENTE;COD_PARTE_PERIODO;varchar;80;0;
dbo;FCT_REPORTE_GESTION_DOCENTE;ID_PARTE_PERIODO;numeric;9;0;
dbo;FCT_REPORTE_GESTION_DOCENTE;ID_PROGRAMA;numeric;9;0;
dbo;FCT_REPORTE_GESTION_DOCENTE;TIPO_DOCENTE;varchar;80;1;
dbo;FCT_REPORTE_GESTION_DOCENTE;HRAS_CONTRATO_MAX;varchar;80;1;
dbo;FCT_REPORTE_GESTION_DOCENTE;COD_TRABAJO;varchar;80;1;
dbo;FCT_REPORTE_GESTION_DOCENTE;TIPO_CONTRATO;varchar;80;1;
dbo;FCT_REPORTE_GESTION_DOCENTE;FECHA_INICIO_SEMANA;varchar;80;1;
dbo;FCT_REPORTE_GESTION_DOCENTE;FECHA_FIN_SEMANA;varchar;80;1;
dbo;FCT_REPORTE_GESTION_DOCENTE;NRO_SEMANA;varchar;10;1;
dbo;FCT_REPORTE_GESTION_DOCENTE;HORAS;varchar;10;1;
dbo;FCT_REPORTE_GESTION_DOCENTE;FEC_CREACION;datetime;8;1;
dbo;FCT_REPORTE_GESTION_DOCENTE;USR_CREACION;varchar;80;1;
dbo;FCT_REPORTE_GESTION_DOCENTE;SRV_CREACION;varchar;80;1;
dbo;FCT_REPORTE_GESTION_DOCENTE;FEC_ACTUALIZACION;datetime;8;1;
dbo;FCT_REPORTE_GESTION_DOCENTE;USR_ACTUALIZACION;varchar;80;1;
dbo;FCT_REPORTE_GESTION_DOCENTE;SRV_ACTUALIZACION;varchar;80;1;
dbo;FCT_REPORTE_GESTION_DOCENTE;COD_PROCESO;uniqueidentifier;16;1;
dbo;FCT_REPORTE_LDR_CAS;COD_RECLAMO;varchar;80;1;
dbo;FCT_REPORTE_LDR_CAS;ID_ANIO;numeric;9;1;
dbo;FCT_REPORTE_LDR_CAS;ID_CAMPUS;numeric;9;1;
dbo;FCT_REPORTE_LDR_CAS;NUMERO_HOJA;varchar;80;1;
dbo;FCT_REPORTE_LDR_CAS;ID_PERSONA;numeric;9;1;
dbo;FCT_REPORTE_LDR_CAS;DES_GUARDIAN_LEGAL;varchar;-1;1;
dbo;FCT_REPORTE_LDR_CAS;TIPO_SERVICIO;varchar;150;1;
dbo;FCT_REPORTE_LDR_CAS;DES_SERVICIO;varchar;-1;1;
dbo;FCT_REPORTE_LDR_CAS;TIPO_RECLAMO;varchar;200;1;
dbo;FCT_REPORTE_LDR_CAS;DES_RECLAMO;varchar;-1;1;
dbo;FCT_REPORTE_LDR_CAS;ESTADO;varchar;80;1;
dbo;FCT_REPORTE_LDR_CAS;FECHA_REGISTRO_RECLAMO;datetime;8;1;
dbo;FCT_REPORTE_LDR_CAS;FECHA_DERIVACION_AREA_INVOLUCRADA;datetime;8;1;
dbo;FCT_REPORTE_LDR_CAS;USUARIO_AREA_INVOLUCRADA;varchar;80;1;
dbo;FCT_REPORTE_LDR_CAS;RESPUESTA_AREA_INVOLUCRADA;varchar;-1;1;
dbo;FCT_REPORTE_LDR_CAS;FECHA_RESPUESTA_AREA_INVOLUCRADA;datetime;8;1;
dbo;FCT_REPORTE_LDR_CAS;FECHA_DERIVACION_AREA_LEGAL;datetime;8;1;
dbo;FCT_REPORTE_LDR_CAS;USUARIO_AREA_LEGAL;varchar;80;1;
dbo;FCT_REPORTE_LDR_CAS;RESPUESTA_AREA_LEGAL;varchar;-1;1;
dbo;FCT_REPORTE_LDR_CAS;FECHA_RESPUESTA_AREA_LEGAL;datetime;8;1;
dbo;FCT_REPORTE_LDR_CAS;FECHA_FINALIZACION_RECLAMO;datetime;8;1;
dbo;FCT_REPORTE_LDR_CAS;OFICINA;varchar;250;1;
dbo;FCT_REPORTE_LDR_CAS;TIPIFICACION;varchar;300;1;
dbo;FCT_REPORTE_LDR_CAS;SUB_CATEGORIA;varchar;300;1;
dbo;FCT_REPORTE_LDR_CAS;CATEGORIA;varchar;300;1;
dbo;FCT_REPORTE_LDR_CAS;HOJA_DUPLICADA;varchar;80;1;
dbo;FCT_REPORTE_LDR_CAS;ATENCION_DIAS;varchar;80;1;
dbo;FCT_REPORTE_LDR_CAS;TIPO_DOCUMENTO;varchar;80;1;
dbo;FCT_REPORTE_LDR_CAS;FEC_CREACION;datetime;8;1;
dbo;FCT_REPORTE_LDR_CAS;USR_CREACION;varchar;80;1;
dbo;FCT_REPORTE_LDR_CAS;SRV_CREACION;varchar;80;1;
dbo;FCT_REPORTE_LDR_CAS;FEC_ACTUALIZACION;datetime;8;1;
dbo;FCT_REPORTE_LDR_CAS;USR_ACTUALIZACION;varchar;80;1;
dbo;FCT_REPORTE_LDR_CAS;SRV_ACTUALIZACION;varchar;80;1;
dbo;FCT_REPORTE_LDR_CAS;COD_PROCESO;uniqueidentifier;16;1;
dbo;FCT_REPORTE_WORKFLOW_CAS;ID_PERSONA;numeric;9;1;
dbo;FCT_REPORTE_WORKFLOW_CAS;ID_PERIODO;numeric;9;1;
dbo;FCT_REPORTE_WORKFLOW_CAS;ID_CAMPUS;numeric;9;1;
dbo;FCT_REPORTE_WORKFLOW_CAS;ID_MODALIDAD;numeric;9;1;
dbo;FCT_REPORTE_WORKFLOW_CAS;ID_EAP;numeric;9;1;
dbo;FCT_REPORTE_WORKFLOW_CAS;ID_FACULTAD;numeric;9;1;
dbo;FCT_REPORTE_WORKFLOW_CAS;COD_SOLICITUD;varchar;80;1;
dbo;FCT_REPORTE_WORKFLOW_CAS;TIPO_TRAMITE;varchar;80;1;
dbo;FCT_REPORTE_WORKFLOW_CAS;FECHA_INICIO;datetime;8;1;
dbo;FCT_REPORTE_WORKFLOW_CAS;FECHA_FIN;datetime;8;1;
dbo;FCT_REPORTE_WORKFLOW_CAS;DES_ESTADO;varchar;80;1;
dbo;FCT_REPORTE_WORKFLOW_CAS;DES_EVENTO;varchar;255;1;
dbo;FCT_REPORTE_WORKFLOW_CAS;FEC_CREACION;datetime;8;1;
dbo;FCT_REPORTE_WORKFLOW_CAS;USR_CREACION;varchar;80;1;
dbo;FCT_REPORTE_WORKFLOW_CAS;SRV_CREACION;varchar;80;1;
dbo;FCT_REPORTE_WORKFLOW_CAS;FEC_ACTUALIZACION;datetime;8;1;
dbo;FCT_REPORTE_WORKFLOW_CAS;USR_ACTUALIZACION;varchar;80;1;
dbo;FCT_REPORTE_WORKFLOW_CAS;SRV_ACTUALIZACION;varchar;80;1;
dbo;FCT_REPORTE_WORKFLOW_CAS;COD_PROCESO;uniqueidentifier;16;1;
dbo;FCT_RESPUESTAS_MATRICES;ID_ESTUDIANTE;numeric;9;0;
dbo;FCT_RESPUESTAS_MATRICES;ID_PERIODO_ACADEMICO;numeric;9;0;
dbo;FCT_RESPUESTAS_MATRICES;ID_CAMPUS;numeric;9;0;
dbo;FCT_RESPUESTAS_MATRICES;ID_FACULTAD_EAP;numeric;9;0;
dbo;FCT_RESPUESTAS_MATRICES;ID_MODALIDAD;numeric;9;0;
dbo;FCT_RESPUESTAS_MATRICES;ID_ESCALA;numeric;9;0;
dbo;FCT_RESPUESTAS_MATRICES;ID_MODALIDAD_ADMISION;numeric;9;0;
dbo;FCT_RESPUESTAS_MATRICES;CICLO;int;4;1;
dbo;FCT_RESPUESTAS_MATRICES;ESTADO;varchar;80;1;
dbo;FCT_RESPUESTAS_MATRICES;IDPREGUNTA;int;4;1;
dbo;FCT_RESPUESTAS_MATRICES;NROPREGUNTA;int;4;1;
dbo;FCT_RESPUESTAS_MATRICES;NOMBREPREGUNTA;varchar;-1;1;
dbo;FCT_RESPUESTAS_MATRICES;IDALTERNATIVA;varchar;80;1;
dbo;FCT_RESPUESTAS_MATRICES;NROALTERNATIVA;varchar;80;1;
dbo;FCT_RESPUESTAS_MATRICES;NOMBREALTERNATIVA;varchar;-1;1;
dbo;FCT_RESPUESTAS_MATRICES;IDALTERNATIVAMATRIZ;varchar;80;1;
dbo;FCT_RESPUESTAS_MATRICES;NROALTERNATIVAMATRIZ;varchar;80;1;
dbo;FCT_RESPUESTAS_MATRICES;NOMBREALTERNATIVAMATRIZ;varchar;250;1;
dbo;FCT_RESPUESTAS_MATRICES;FEC_CREACION;datetime;8;1;
dbo;FCT_RESPUESTAS_MATRICES;USR_CREACION;varchar;80;1;
dbo;FCT_RESPUESTAS_MATRICES;SRV_CREACION;varchar;80;1;
dbo;FCT_RESPUESTAS_MATRICES;FEC_ACTUALIZACION;datetime;8;1;
dbo;FCT_RESPUESTAS_MATRICES;USR_ACTUALIZACION;varchar;80;1;
dbo;FCT_RESPUESTAS_MATRICES;SRV_ACTUALIZACION;varchar;80;1;
dbo;FCT_RESPUESTAS_MATRICES;COD_PROCESO;uniqueidentifier;16;1;
dbo;FCT_RESPUESTAS_MATRICES;ID_POBLACION_CENSO;varchar;80;1;
dbo;FCT_RESPUESTAS_MULTIPLES;ID_PERSONA;int;4;1;
dbo;FCT_RESPUESTAS_MULTIPLES;ID_PERIODO;int;4;1;
dbo;FCT_RESPUESTAS_MULTIPLES;ID_CAMPUS;int;4;1;
dbo;FCT_RESPUESTAS_MULTIPLES;ID_EAP;int;4;1;
dbo;FCT_RESPUESTAS_MULTIPLES;ID_FACULTAD;int;4;1;
dbo;FCT_RESPUESTAS_MULTIPLES;ID_MODALIDAD;int;4;1;
dbo;FCT_RESPUESTAS_MULTIPLES;ID_TIPO_FINANCIAMIENTO;int;4;1;
dbo;FCT_RESPUESTAS_MULTIPLES;ID_RAZON_ELECCION;int;4;1;
dbo;FCT_RESPUESTAS_MULTIPLES;ID_PROPUESTA_VALOR;int;4;1;
dbo;FCT_RESPUESTAS_MULTIPLES;ID_NECESIDAD;int;4;1;
dbo;FCT_RESPUESTAS_MULTIPLES;FEC_CREACION;datetime;8;1;
dbo;FCT_RESPUESTAS_MULTIPLES;USR_CREACION;varchar;80;1;
dbo;FCT_RESPUESTAS_MULTIPLES;SRV_CREACION;varchar;80;1;
dbo;FCT_RESPUESTAS_MULTIPLES;FEC_ACTUALIZACION;datetime;8;1;
dbo;FCT_RESPUESTAS_MULTIPLES;USR_ACTUALIZACION;varchar;80;1;
dbo;FCT_RESPUESTAS_MULTIPLES;SRV_ACTUALIZACION;varchar;80;1;
dbo;FCT_RESPUESTAS_MULTIPLES;COD_PROCESO;uniqueidentifier;16;1;
dbo;FCT_SOLICITUDES_CAS;ID_DEPENDENCIA;numeric;9;1;
dbo;FCT_SOLICITUDES_CAS;ID_PERIODO;numeric;9;1;
dbo;FCT_SOLICITUDES_CAS;ID_PERSONA;numeric;9;1;
dbo;FCT_SOLICITUDES_CAS;ID_CAMPUS;numeric;9;1;
dbo;FCT_SOLICITUDES_CAS;ID_EAP;numeric;9;1;
dbo;FCT_SOLICITUDES_CAS;SOLICITUD;int;4;1;
dbo;FCT_SOLICITUDES_CAS;COD_DOCUMENTO;int;4;1;
dbo;FCT_SOLICITUDES_CAS;DES_DOCUMENTO;varchar;500;1;
dbo;FCT_SOLICITUDES_CAS;DES_ESTADO;varchar;50;1;
dbo;FCT_SOLICITUDES_CAS;DES_OFICINA;varchar;500;1;
dbo;FCT_SOLICITUDES_CAS;FECHA_SOLICITADA;datetime;8;1;
dbo;FCT_SOLICITUDES_CAS;ULTIMA_FECHA_MODIFICADA;datetime;8;1;
dbo;FCT_SOLICITUDES_CAS;FEC_CREACION;datetime;8;1;
dbo;FCT_SOLICITUDES_CAS;USR_CREACION;varchar;80;1;
dbo;FCT_SOLICITUDES_CAS;SRV_CREACION;varchar;80;1;
dbo;FCT_SOLICITUDES_CAS;FEC_ACTUALIZACION;datetime;8;1;
dbo;FCT_SOLICITUDES_CAS;USR_ACTUALIZACION;varchar;80;1;
dbo;FCT_SOLICITUDES_CAS;SRV_ACTUALIZACION;varchar;80;1;
dbo;FCT_SOLICITUDES_CAS;COD_PROCESO;uniqueidentifier;16;1;
dbo;FCT_SOLICITUDES_CAS;FECHA_RESOLUCION;datetime;8;1;
dbo;FCT_SOLICITUDES_CAS;CATEGORIA;varchar;80;1;
dbo;FCT_SOLICITUDES_CAS;TIEMPO_CONVA;int;4;1;
dbo;FCT_SURVEY_GENESYS;IDCALL;varchar;250;1;
dbo;FCT_SURVEY_GENESYS;ID_CALL_AGENTE;numeric;9;1;
dbo;FCT_SURVEY_GENESYS;ID_PREGUNTA_CALL;numeric;9;1;
dbo;FCT_SURVEY_GENESYS;ID_TIEMPO;numeric;9;1;
dbo;FCT_SURVEY_GENESYS;MODALITY;varchar;80;1;
dbo;FCT_SURVEY_GENESYS;SUBSIDIARY;varchar;80;1;
dbo;FCT_SURVEY_GENESYS;SURVEYTYPE;varchar;80;1;
dbo;FCT_SURVEY_GENESYS;DATEHOUR;varchar;80;1;
dbo;FCT_SURVEY_GENESYS;QUALIFICATION;varchar;80;1;
dbo;FCT_SURVEY_GENESYS;FEC_CREACION;datetime;8;1;
dbo;FCT_SURVEY_GENESYS;USR_CREACION;varchar;80;1;
dbo;FCT_SURVEY_GENESYS;SRV_CREACION;varchar;80;1;
dbo;FCT_SURVEY_GENESYS;FEC_ACTUALIZACION;datetime;8;1;
dbo;FCT_SURVEY_GENESYS;USR_ACTUALIZACION;varchar;80;1;
dbo;FCT_SURVEY_GENESYS;SRV_ACTUALIZACION;varchar;80;1;
dbo;FCT_SURVEY_GENESYS;COD_PROCESO;uniqueidentifier;16;1;
dbo;FCT_TAMANIO_GRUPO;ID_PERIODO_ACADEMICO;numeric;9;0;
dbo;FCT_TAMANIO_GRUPO;ID_MODALIDAD;numeric;9;0;
dbo;FCT_TAMANIO_GRUPO;ID_CAMPUS;numeric;9;0;
dbo;FCT_TAMANIO_GRUPO;ID_TIPO_ASIGNATURA;numeric;9;0;
dbo;FCT_TAMANIO_GRUPO;ID_PLAN_ESTUDIO;numeric;9;0;
dbo;FCT_TAMANIO_GRUPO;ID_FACULTAD;numeric;9;0;
dbo;FCT_TAMANIO_GRUPO;ID_EAP;numeric;9;0;
dbo;FCT_TAMANIO_GRUPO;ID_CICLO;numeric;9;0;
dbo;FCT_TAMANIO_GRUPO;ID_NRC;numeric;9;0;
dbo;FCT_TAMANIO_GRUPO;ID_CLASIFICACION;numeric;9;1;
dbo;FCT_TAMANIO_GRUPO;ID_CLASIFICACION_FACULTAD;numeric;9;1;
dbo;FCT_TAMANIO_GRUPO;IND_NUMERO_MATRICULADOS;numeric;9;1;
dbo;FCT_TAMANIO_GRUPO;FEC_CREACION;datetime;8;1;
dbo;FCT_TAMANIO_GRUPO;USR_CREACION;varchar;80;1;
dbo;FCT_TAMANIO_GRUPO;SRV_CREACION;varchar;80;1;
dbo;FCT_TAMANIO_GRUPO;FEC_ACTUALIZACION;datetime;8;1;
dbo;FCT_TAMANIO_GRUPO;USR_ACTUALIZACION;varchar;80;1;
dbo;FCT_TAMANIO_GRUPO;SRV_ACTUALIZACION;varchar;80;1;
dbo;FCT_TAMANIO_GRUPO;COD_PROCESO;uniqueidentifier;16;1;
dbo;FCT_TAMANIO_GRUPO;ID_CAMPUS_REAL;numeric;9;1;
dbo;FCT_TASA_EMPLEABILIDAD;ID_ESTUDIANTE;numeric;9;1;
dbo;FCT_TASA_EMPLEABILIDAD;ID_CAMPUS;numeric;9;1;
dbo;FCT_TASA_EMPLEABILIDAD;ID_MODALIDAD;numeric;9;1;
dbo;FCT_TASA_EMPLEABILIDAD;ID_PERIODO_ACADEMICO;numeric;9;1;
dbo;FCT_TASA_EMPLEABILIDAD;ID_DEPENDENCIA;numeric;9;1;
dbo;FCT_TASA_EMPLEABILIDAD;ID_NIVEL;numeric;9;1;
dbo;FCT_TASA_EMPLEABILIDAD;ID_FACULTAD_EAP;numeric;9;1;
dbo;FCT_TASA_EMPLEABILIDAD;CICLO;int;4;1;
dbo;FCT_TASA_EMPLEABILIDAD;ID_ESTADO_MATRICULA;numeric;9;1;
dbo;FCT_TASA_EMPLEABILIDAD;ANIO_SEGUIMIENTO;int;4;1;
dbo;FCT_TASA_EMPLEABILIDAD;TRABAJO;int;4;1;
dbo;FCT_TASA_EMPLEABILIDAD;REMUNERACION;decimal;9;1;
dbo;FCT_TASA_EMPLEABILIDAD;ID_REMUNERACION;numeric;9;1;
dbo;FCT_TASA_EMPLEABILIDAD;ID_ESPECIALIDAD_EMPLEABILIDAD;numeric;9;1;
dbo;FCT_TASA_EMPLEABILIDAD;ID_TIPO_TRABAJO;numeric;9;1;
dbo;FCT_TASA_EMPLEABILIDAD;ID_SECTOR_LABORAL;numeric;9;1;
dbo;FCT_TASA_EMPLEABILIDAD;ID_MOTIVO_DESEMPLEO;numeric;9;1;
dbo;FCT_TASA_EMPLEABILIDAD;ID_PERIODO_GRUPO;numeric;9;1;
dbo;FCT_TASA_EMPLEABILIDAD;FEC_CREACION;datetime;8;1;
dbo;FCT_TASA_EMPLEABILIDAD;USR_CREACION;varchar;80;1;
dbo;FCT_TASA_EMPLEABILIDAD;SRV_CREACION;varchar;80;1;
dbo;FCT_TASA_EMPLEABILIDAD;FEC_ACTUALIZACION;datetime;8;1;
dbo;FCT_TASA_EMPLEABILIDAD;USR_ACTUALIZACION;varchar;80;1;
dbo;FCT_TASA_EMPLEABILIDAD;SRV_ACTUALIZACION;varchar;80;1;
dbo;FCT_TASA_EMPLEABILIDAD;COD_PROCESO;uniqueidentifier;16;1;
dbo;FCT_TASA_EMPLEABILIDAD_DETALLE;ID_ESTUDIANTE;numeric;9;1;
dbo;FCT_TASA_EMPLEABILIDAD_DETALLE;ID_CAMPUS;numeric;9;1;
dbo;FCT_TASA_EMPLEABILIDAD_DETALLE;ID_MODALIDAD;numeric;9;1;
dbo;FCT_TASA_EMPLEABILIDAD_DETALLE;ID_PERIODO_ACADEMICO;numeric;9;1;
dbo;FCT_TASA_EMPLEABILIDAD_DETALLE;ID_DEPENDENCIA;numeric;9;1;
dbo;FCT_TASA_EMPLEABILIDAD_DETALLE;ID_NIVEL;numeric;9;1;
dbo;FCT_TASA_EMPLEABILIDAD_DETALLE;ID_FACULTAD_EAP;numeric;9;1;
dbo;FCT_TASA_EMPLEABILIDAD_DETALLE;CICLO;int;4;1;
dbo;FCT_TASA_EMPLEABILIDAD_DETALLE;ID_ESTADO_MATRICULA;numeric;9;1;
dbo;FCT_TASA_EMPLEABILIDAD_DETALLE;ANIO_SEGUIMIENTO;int;4;1;
dbo;FCT_TASA_EMPLEABILIDAD_DETALLE;TRABAJO;int;4;1;
dbo;FCT_TASA_EMPLEABILIDAD_DETALLE;REMUNERACION;decimal;9;1;
dbo;FCT_TASA_EMPLEABILIDAD_DETALLE;ID_REMUNERACION;numeric;9;1;
dbo;FCT_TASA_EMPLEABILIDAD_DETALLE;ID_ESPECIALIDAD_EMPLEABILIDAD;numeric;9;1;
dbo;FCT_TASA_EMPLEABILIDAD_DETALLE;ID_TIPO_TRABAJO;numeric;9;1;
dbo;FCT_TASA_EMPLEABILIDAD_DETALLE;ID_SECTOR_LABORAL;numeric;9;1;
dbo;FCT_TASA_EMPLEABILIDAD_DETALLE;ID_MOTIVO_DESEMPLEO;numeric;9;1;
dbo;FCT_TASA_EMPLEABILIDAD_DETALLE;FEC_CREACION;datetime;8;1;
dbo;FCT_TASA_EMPLEABILIDAD_DETALLE;USR_CREACION;varchar;80;1;
dbo;FCT_TASA_EMPLEABILIDAD_DETALLE;SRV_CREACION;varchar;80;1;
dbo;FCT_TASA_EMPLEABILIDAD_DETALLE;FEC_ACTUALIZACION;datetime;8;1;
dbo;FCT_TASA_EMPLEABILIDAD_DETALLE;USR_ACTUALIZACION;varchar;80;1;
dbo;FCT_TASA_EMPLEABILIDAD_DETALLE;SRV_ACTUALIZACION;varchar;80;1;
dbo;FCT_TASA_EMPLEABILIDAD_DETALLE;COD_PROCESO;uniqueidentifier;16;1;
dbo;FCT_TENENCIA_EQUIPOS;ID_ANIO;numeric;9;0;SI
dbo;FCT_TENENCIA_EQUIPOS;ID_CAMPUS;numeric;9;0;SI
dbo;FCT_TENENCIA_EQUIPOS;ID_MODALIDAD;numeric;9;0;SI
dbo;FCT_TENENCIA_EQUIPOS;ID_PERIODO_ACADEMICO;numeric;9;0;SI
dbo;FCT_TENENCIA_EQUIPOS;ID_FACULTAD_EAP;numeric;9;0;SI
dbo;FCT_TENENCIA_EQUIPOS;ID_UBIGEO_RESIDENCIA;numeric;9;0;SI
dbo;FCT_TENENCIA_EQUIPOS;ID_ESTUDIANTE;numeric;9;0;SI
dbo;FCT_TENENCIA_EQUIPOS;ID_DISPONIBILIDAD_INTERNET;numeric;9;1;
dbo;FCT_TENENCIA_EQUIPOS;ID_TIPO_EQUIPO_TECNOLOGICO;numeric;9;1;
dbo;FCT_TENENCIA_EQUIPOS;FEC_CREACION;datetime;8;1;
dbo;FCT_TENENCIA_EQUIPOS;USR_CREACION;varchar;80;1;
dbo;FCT_TENENCIA_EQUIPOS;SRV_CREACION;varchar;80;1;
dbo;FCT_TENENCIA_EQUIPOS;FEC_ACTUALIZACION;datetime;8;1;
dbo;FCT_TENENCIA_EQUIPOS;USR_ACTUALIZACION;varchar;80;1;
dbo;FCT_TENENCIA_EQUIPOS;SRV_ACTUALIZACION;varchar;80;1;
dbo;FCT_TENENCIA_EQUIPOS;COD_PROCESO;uniqueidentifier;16;1;
dbo;FCT_TESISTAS_UC_INFORMACION;ID_DOCUMENTO;varchar;80;1;
dbo;FCT_TESISTAS_UC_INFORMACION;ID_CAMPUS;numeric;9;1;
dbo;FCT_TESISTAS_UC_INFORMACION;ID_MODALIDAD;numeric;9;1;
dbo;FCT_TESISTAS_UC_INFORMACION;ID_FACULTAD_EAP;numeric;9;1;
dbo;FCT_TESISTAS_UC_INFORMACION;FEC_CREACION;datetime;8;1;
dbo;FCT_TESISTAS_UC_INFORMACION;USR_CREACION;varchar;80;1;
dbo;FCT_TESISTAS_UC_INFORMACION;SRV_CREACION;varchar;80;1;
dbo;FCT_TESISTAS_UC_INFORMACION;FEC_ACTUALIZACION;datetime;8;1;
dbo;FCT_TESISTAS_UC_INFORMACION;USR_ACTUALIZACION;varchar;80;1;
dbo;FCT_TESISTAS_UC_INFORMACION;SRV_ACTUALIZACION;varchar;80;1;
dbo;FCT_TESISTAS_UC_INFORMACION;COD_PROCESO;uniqueidentifier;16;1;
dbo;FCT_TRABAJADOR_INFORMACION;USUARIO;varchar;80;1;
dbo;FCT_TRABAJADOR_INFORMACION;DES_DIV;varchar;80;1;
dbo;FCT_TRABAJADOR_INFORMACION;EMAIL;varchar;80;1;
dbo;FCT_TRABAJADOR_INFORMACION;DNI;varchar;80;1;
dbo;FCT_TRABAJADOR_INFORMACION;ES_DOCENTE;int;4;1;
dbo;FCT_TRABAJADOR_INFORMACION;SUCURSAL;varchar;200;1;
dbo;FCT_TRABAJADOR_INFORMACION;FECHA_INGRESO;datetime;8;1;
dbo;FCT_TRABAJADOR_INFORMACION;FECHA_RETIRO;datetime;8;1;
dbo;FCT_TRABAJADOR_INFORMACION;FECHA_TERMINO;datetime;8;1;
dbo;FCT_TRABAJADOR_INFORMACION;FEC_CREACION;datetime;8;1;
dbo;FCT_TRABAJADOR_INFORMACION;USR_CREACION;varchar;80;1;
dbo;FCT_TRABAJADOR_INFORMACION;SRV_CREACION;varchar;80;1;
dbo;FCT_TRABAJADOR_INFORMACION;FEC_ACTUALIZACION;datetime;8;1;
dbo;FCT_TRABAJADOR_INFORMACION;USR_ACTUALIZACION;varchar;80;1;
dbo;FCT_TRABAJADOR_INFORMACION;SRV_ACTUALIZACION;varchar;80;1;
dbo;FCT_TRABAJADOR_INFORMACION;COD_PROCESO;uniqueidentifier;16;1;
dbo;FCT_TRANSITABILIDAD;ID_ESTUDIANTE;numeric;9;1;
dbo;FCT_TRANSITABILIDAD;ID_PERIODO;numeric;9;1;
dbo;FCT_TRANSITABILIDAD;ID_DEPENDENCIA;numeric;9;1;
dbo;FCT_TRANSITABILIDAD;ID_NIVEL;numeric;9;1;
dbo;FCT_TRANSITABILIDAD;ID_NRC;numeric;9;1;
dbo;FCT_TRANSITABILIDAD;ID_FACULTAD;numeric;9;1;
dbo;FCT_TRANSITABILIDAD;ID_EAP;numeric;9;1;
dbo;FCT_TRANSITABILIDAD;ID_CAMPUS_ES;numeric;9;1;
dbo;FCT_TRANSITABILIDAD;ID_MODALIDAD_ES;numeric;9;1;
dbo;FCT_TRANSITABILIDAD;ID_CAMPUS_MT;numeric;9;1;
dbo;FCT_TRANSITABILIDAD;ID_MODALIDAD_MT;numeric;9;1;
dbo;FCT_TRANSITABILIDAD;TRANSITABILIDAD;varchar;80;1;
dbo;FCT_TRANSITABILIDAD;ID_PERIODO_INICIO_ESTUDIO;numeric;9;1;
dbo;FCT_TRANSITABILIDAD;CICLO_APROBADO;int;4;1;
dbo;FCT_TRANSITABILIDAD;FEC_CREACION;datetime;8;1;
dbo;FCT_TRANSITABILIDAD;USR_CREACION;varchar;80;1;
dbo;FCT_TRANSITABILIDAD;SRV_CREACION;varchar;80;1;
dbo;FCT_TRANSITABILIDAD;FEC_ACTUALIZACION;datetime;8;1;
dbo;FCT_TRANSITABILIDAD;USR_ACTUALIZACION;varchar;80;1;
dbo;FCT_TRANSITABILIDAD;SRV_ACTUALIZACION;varchar;80;1;
dbo;FCT_TRANSITABILIDAD;COD_PROCESO;uniqueidentifier;16;1;
EDC;DIM_AREACONOCIMIENTO;ID_AREACONOCIMIENTO;numeric;9;0;SI
EDC;DIM_AREACONOCIMIENTO;DES_AREACONOCIMIENTO;varchar;200;1;
EDC;DIM_AREACONOCIMIENTO;FEC_CREACION;datetime;8;1;
EDC;DIM_AREACONOCIMIENTO;USR_CREACION;varchar;80;1;
EDC;DIM_AREACONOCIMIENTO;SRV_CREACION;varchar;80;1;
EDC;DIM_AREACONOCIMIENTO;FEC_ACTUALIZACION;datetime;8;1;
EDC;DIM_AREACONOCIMIENTO;USR_ACTUALIZACION;varchar;80;1;
EDC;DIM_AREACONOCIMIENTO;SRV_ACTUALIZACION;varchar;80;1;
EDC;DIM_AREACONOCIMIENTO;COD_PROCESO;uniqueidentifier;16;1;
EDC;DIM_ESTADO_FUNNEL;ID_SUBESTADO;numeric;9;0;SI
EDC;DIM_ESTADO_FUNNEL;DES_SUBESTADO;varchar;150;1;
EDC;DIM_ESTADO_FUNNEL;DES_ESTADO;varchar;150;1;
EDC;DIM_ESTADO_FUNNEL;FEC_CREACION;datetime;8;1;
EDC;DIM_ESTADO_FUNNEL;USR_CREACION;varchar;80;1;
EDC;DIM_ESTADO_FUNNEL;SRV_CREACION;varchar;80;1;
EDC;DIM_ESTADO_FUNNEL;FEC_ACTUALIZACION;datetime;8;1;
EDC;DIM_ESTADO_FUNNEL;USR_ACTUALIZACION;varchar;80;1;
EDC;DIM_ESTADO_FUNNEL;SRV_ACTUALIZACION;varchar;80;1;
EDC;DIM_ESTADO_FUNNEL;COD_PROCESO;uniqueidentifier;16;1;
EDC;DIM_PROFESIONAL;ID_PROFESIONAL;numeric;9;0;SI
EDC;DIM_PROFESIONAL;ID_TIPO;varchar;3;1;
EDC;DIM_PROFESIONAL;DES_PROFESIONAL;varchar;150;1;
EDC;DIM_PROFESIONAL;FEC_CREACION;datetime;8;1;
EDC;DIM_PROFESIONAL;USR_CREACION;varchar;80;1;
EDC;DIM_PROFESIONAL;SRV_CREACION;varchar;80;1;
EDC;DIM_PROFESIONAL;FEC_ACTUALIZACION;datetime;8;1;
EDC;DIM_PROFESIONAL;USR_ACTUALIZACION;varchar;80;1;
EDC;DIM_PROFESIONAL;SRV_ACTUALIZACION;varchar;80;1;
EDC;DIM_PROFESIONAL;COD_PROCESO;uniqueidentifier;16;1;
EDC;DIM_PROGRAMA;ID_PROGRAMA;numeric;9;0;SI
EDC;DIM_PROGRAMA;DES_PROGRAMA;varchar;200;1;
EDC;DIM_PROGRAMA;DES_TIPO_PROGRAMA;varchar;150;1;
EDC;DIM_PROGRAMA;ID_PROG;varchar;3;1;
EDC;DIM_PROGRAMA;FEC_CREACION;datetime;8;1;
EDC;DIM_PROGRAMA;USR_CREACION;varchar;80;1;
EDC;DIM_PROGRAMA;SRV_CREACION;varchar;80;1;
EDC;DIM_PROGRAMA;FEC_ACTUALIZACION;datetime;8;1;
EDC;DIM_PROGRAMA;USR_ACTUALIZACION;varchar;80;1;
EDC;DIM_PROGRAMA;SRV_ACTUALIZACION;varchar;80;1;
EDC;DIM_PROGRAMA;COD_PROCESO;uniqueidentifier;16;1;
EDC;FCT_INGRESOS;ID_PERIODO;numeric;9;1;
EDC;FCT_INGRESOS;ID_DEPENDENCIA;numeric;9;1;
EDC;FCT_INGRESOS;ID_PERSONA;numeric;9;1;
EDC;FCT_INGRESOS;ID_TIEMPO;numeric;9;1;
EDC;FCT_INGRESOS;ID_TIEMPO_INICIO;numeric;9;1;
EDC;FCT_INGRESOS;ID_PROGRAMA;numeric;9;1;
EDC;FCT_INGRESOS;ID_AREACONOCIMIENTO;numeric;9;1;
EDC;FCT_INGRESOS;DES_PERIODOCRM;varchar;100;1;
EDC;FCT_INGRESOS;COD_CONCEPTO;varchar;80;1;
EDC;FCT_INGRESOS;DES_CONCEPTO;varchar;100;1;
EDC;FCT_INGRESOS;COD_DETALLE;varchar;100;1;
EDC;FCT_INGRESOS;COD_CUENTA;varchar;80;1;
EDC;FCT_INGRESOS;COD_SECCIONC;varchar;80;1;
EDC;FCT_INGRESOS;MONTO;float;8;1;
EDC;FCT_INGRESOS;DESCRIPCION;varchar;300;1;
EDC;FCT_INGRESOS;COD_CAMPUS;varchar;80;1;
EDC;FCT_INGRESOS;COD_CENTRO_COSTO;varchar;80;1;
EDC;FCT_INGRESOS;DES_CENTRO_COSTO;varchar;300;1;
EDC;FCT_INGRESOS;COD_SERVICIO;varchar;80;1;
EDC;FCT_INGRESOS;DES_SERVICIO;varchar;300;1;
EDC;FCT_INGRESOS;FEC_CREACION;datetime;8;1;
EDC;FCT_INGRESOS;USR_CREACION;varchar;80;1;
EDC;FCT_INGRESOS;SRV_CREACION;varchar;80;1;
EDC;FCT_INGRESOS;FEC_ACTUALIZACION;datetime;8;1;
EDC;FCT_INGRESOS;USR_ACTUALIZACION;varchar;80;1;
EDC;FCT_INGRESOS;SRV_ACTUALIZACION;varchar;80;1;
EDC;FCT_INGRESOS;COD_PROCESO;uniqueidentifier;16;1;
EDC;FCT_MATRICULA;ID_PERSONA;numeric;9;0;
EDC;FCT_MATRICULA;PIDM;numeric;9;0;
EDC;FCT_MATRICULA;ID_ESTUDIANTE;varchar;100;0;
EDC;FCT_MATRICULA;ID_PERIODO;numeric;9;0;
EDC;FCT_MATRICULA;ID_NIVEL;numeric;9;0;
EDC;FCT_MATRICULA;ID_CAMPUS;numeric;9;0;
EDC;FCT_MATRICULA;ID_TIPO_PROGRAMA;numeric;9;0;
EDC;FCT_MATRICULA;ID_PROGRAMA;numeric;9;0;
EDC;FCT_MATRICULA;ID_ESTADO;numeric;9;0;
EDC;FCT_MATRICULA;ID_AREACONOCIMIENTO;numeric;9;1;
EDC;FCT_MATRICULA;ID_SECCIONC;varchar;100;1;
EDC;FCT_MATRICULA;NRC;int;4;0;
EDC;FCT_MATRICULA;ID_ASIGNATURA;numeric;9;1;
EDC;FCT_MATRICULA;ID_FECHA_MATRICULA;numeric;9;0;
EDC;FCT_MATRICULA;ESTADO_ACTIVO;numeric;5;0;
EDC;FCT_MATRICULA;FEC_CREACION;datetime;8;1;
EDC;FCT_MATRICULA;USR_CREACION;varchar;80;1;
EDC;FCT_MATRICULA;SRV_CREACION;varchar;80;1;
EDC;FCT_MATRICULA;FEC_ACTUALIZACION;datetime;8;1;
EDC;FCT_MATRICULA;USR_ACTUALIZACION;varchar;80;1;
EDC;FCT_MATRICULA;SRV_ACTUALIZACION;varchar;80;1;
EDC;FCT_MATRICULA;COD_PROCESO;uniqueidentifier;16;1;
EDC;FCT_MOROSIDAD;ID_PERSONA;numeric;9;1;
EDC;FCT_MOROSIDAD;ID_DEPENDENCIA;numeric;9;1;
EDC;FCT_MOROSIDAD;ID_CAMPUS;numeric;9;1;
EDC;FCT_MOROSIDAD;ID_TIEMPO_INICIO;numeric;9;1;
EDC;FCT_MOROSIDAD;ID_PERIODO;numeric;9;1;
EDC;FCT_MOROSIDAD;ID_AREACONOCIMIENTO;numeric;9;1;
EDC;FCT_MOROSIDAD;ID_PROGRAMA;numeric;9;1;
EDC;FCT_MOROSIDAD;ID_SECCION;varchar;80;1;
EDC;FCT_MOROSIDAD;ID_PERIODOCRM;varchar;80;1;
EDC;FCT_MOROSIDAD;ID_TIPO;varchar;80;1;
EDC;FCT_MOROSIDAD;ID_TIEMPO_CARGO;numeric;9;1;
EDC;FCT_MOROSIDAD;ID_TIEMPO_CANCELACION;numeric;9;1;
EDC;FCT_MOROSIDAD;ID_TIEMPO_DEUDA;numeric;9;1;
EDC;FCT_MOROSIDAD;ID_TIEMPO_VIGENTE_DEUDA;numeric;9;1;
EDC;FCT_MOROSIDAD;NRO_CUOTA;varchar;30;1;
EDC;FCT_MOROSIDAD;CARGO;decimal;9;1;
EDC;FCT_MOROSIDAD;ABONO;decimal;9;1;
EDC;FCT_MOROSIDAD;DEUDA;decimal;9;1;
EDC;FCT_MOROSIDAD;ACTIVOS;int;4;1;
EDC;FCT_MOROSIDAD;DEUDORES;int;4;1;
EDC;FCT_MOROSIDAD;FEC_CREACION;datetime;8;1;
EDC;FCT_MOROSIDAD;USR_CREACION;varchar;80;1;
EDC;FCT_MOROSIDAD;SRV_CREACION;varchar;80;1;
EDC;FCT_MOROSIDAD;FEC_ACTUALIZACION;datetime;8;1;
EDC;FCT_MOROSIDAD;USR_ACTUALIZACION;varchar;80;1;
EDC;FCT_MOROSIDAD;SRV_ACTUALIZACION;varchar;80;1;
EDC;FCT_MOROSIDAD;COD_PROCESO;uniqueidentifier;16;1;
EDC;FCT_PERFIL_ESTUDIANTE;ID_DEPENDENCIA;numeric;9;0;
EDC;FCT_PERFIL_ESTUDIANTE;ID_PERIODO;numeric;9;0;
EDC;FCT_PERFIL_ESTUDIANTE;ID_FECHAINICIO;numeric;9;0;
EDC;FCT_PERFIL_ESTUDIANTE;COD_SECCIONC;varchar;80;1;
EDC;FCT_PERFIL_ESTUDIANTE;ID_PERSONA;numeric;9;0;
EDC;FCT_PERFIL_ESTUDIANTE;ID_FECHAEMISION;numeric;9;1;
EDC;FCT_PERFIL_ESTUDIANTE;ID_PROGRAMA;numeric;9;0;
EDC;FCT_PERFIL_ESTUDIANTE;ID_AREACONOCIMIENTO;numeric;9;1;
EDC;FCT_PERFIL_ESTUDIANTE;DES_PERIODOCRM;varchar;80;1;
EDC;FCT_PERFIL_ESTUDIANTE;ID_NIVEL;numeric;9;0;
EDC;FCT_PERFIL_ESTUDIANTE;ID_MODALIDAD;numeric;9;0;
EDC;FCT_PERFIL_ESTUDIANTE;ID_CAMPUS;numeric;9;0;
EDC;FCT_PERFIL_ESTUDIANTE;ID_SUBESTADO;numeric;9;1;
EDC;FCT_PERFIL_ESTUDIANTE;ID_INDUSTRIA;numeric;9;1;
EDC;FCT_PERFIL_ESTUDIANTE;OTR_INDUSTRIA;varchar;200;1;
EDC;FCT_PERFIL_ESTUDIANTE;ID_AREA;numeric;9;1;
EDC;FCT_PERFIL_ESTUDIANTE;OTR_AREA;varchar;200;1;
EDC;FCT_PERFIL_ESTUDIANTE;ID_CARGO;numeric;9;1;
EDC;FCT_PERFIL_ESTUDIANTE;ID_PROFESION;numeric;9;1;
EDC;FCT_PERFIL_ESTUDIANTE;OTR_PROFESION;varchar;200;1;
EDC;FCT_PERFIL_ESTUDIANTE;DES_CENTROTRABAJO;varchar;200;1;
EDC;FCT_PERFIL_ESTUDIANTE;FEC_CREACION;datetime;8;1;
EDC;FCT_PERFIL_ESTUDIANTE;USR_CREACION;varchar;80;1;
EDC;FCT_PERFIL_ESTUDIANTE;SRV_CREACION;varchar;80;1;
EDC;FCT_PERFIL_ESTUDIANTE;FEC_ACTUALIZACION;datetime;8;1;
EDC;FCT_PERFIL_ESTUDIANTE;USR_ACTUALIZACION;varchar;80;1;
EDC;FCT_PERFIL_ESTUDIANTE;SRV_ACTUALIZACION;varchar;80;1;
EDC;FCT_PERFIL_ESTUDIANTE;COD_PROCESO;uniqueidentifier;16;1;
EDC;FCT_VENTAS;ID_PERIODO;numeric;9;1;
EDC;FCT_VENTAS;ID_PERSONA;numeric;9;1;
EDC;FCT_VENTAS;ID_FECHA;numeric;9;1;
EDC;FCT_VENTAS;ID_OPORTUNIDAD;varchar;80;1;
EDC;FCT_VENTAS;ID_PROGRAMA;numeric;9;1;
EDC;FCT_VENTAS;ID_AREACONOCIMIENTO;numeric;9;1;
EDC;FCT_VENTAS;ID_SECCIONC;varchar;80;1;
EDC;FCT_VENTAS;VALOR_BRUTO;float;8;1;
EDC;FCT_VENTAS;DESCUENTO;float;8;1;
EDC;FCT_VENTAS;CUOTAS;float;8;1;
EDC;FCT_VENTAS;VALOR_CUOTA;float;8;1;
EDC;FCT_VENTAS;ABONO;float;8;1;
EDC;FCT_VENTAS;MONTO_PAGO;float;8;1;
EDC;FCT_VENTAS;VALOR_NETO;float;8;1;
EDC;FCT_VENTAS;ID_CAMPUS;varchar;80;1;
EDC;FCT_VENTAS;FECHA_EMISION;datetime;8;1;
EDC;FCT_VENTAS;VENDEDOR;varchar;100;1;
EDC;FCT_VENTAS;ID_CUENTA;varchar;80;1;
EDC;FCT_VENTAS;FEC_CREACION;datetime;8;1;
EDC;FCT_VENTAS;USR_CREACION;varchar;80;1;
EDC;FCT_VENTAS;SRV_CREACION;varchar;80;1;
EDC;FCT_VENTAS;FEC_ACTUALIZACION;datetime;8;1;
EDC;FCT_VENTAS;USR_ACTUALIZACION;varchar;80;1;
EDC;FCT_VENTAS;SRV_ACTUALIZACION;varchar;80;1;
EDC;FCT_VENTAS;COD_PROCESO;uniqueidentifier;16;1;
IC;DIM_ATENDEDOR_VENDEDOR;ID_ATENDEDOR_VENDEDOR;numeric;9;0;SI
IC;DIM_ATENDEDOR_VENDEDOR;DES_ATENDEDOR;varchar;500;1;
IC;DIM_ATENDEDOR_VENDEDOR;DES_VENDEDOR;varchar;500;1;
IC;DIM_ATENDEDOR_VENDEDOR;FEC_CREACION;datetime;8;1;
IC;DIM_ATENDEDOR_VENDEDOR;USR_CREACION;varchar;80;1;
IC;DIM_ATENDEDOR_VENDEDOR;SRV_CREACION;varchar;80;1;
IC;DIM_ATENDEDOR_VENDEDOR;FEC_ACTUALIZACION;datetime;8;1;
IC;DIM_ATENDEDOR_VENDEDOR;USR_ACTUALIZACION;varchar;80;1;
IC;DIM_ATENDEDOR_VENDEDOR;SRV_ACTUALIZACION;varchar;80;1;
IC;DIM_ATENDEDOR_VENDEDOR;COD_PROCESO;uniqueidentifier;16;1;
IC;DIM_ESTADO;ID_ESTADO;int;4;1;
IC;DIM_ESTADO;COD_ESTADO;varchar;80;1;
IC;DIM_ESTADO;DESC_ESTADO;varchar;80;1;
IC;DIM_ESTADO;FEC_CREACION;datetime;8;1;
IC;DIM_ESTADO;USR_CREACION;varchar;80;1;
IC;DIM_ESTADO;SRV_CREACION;varchar;80;1;
IC;DIM_ESTADO;FEC_ACTUALIZACION;datetime;8;1;
IC;DIM_ESTADO;USR_ACTUALIZACION;varchar;80;1;
IC;DIM_ESTADO;SRV_ACTUALIZACION;varchar;80;1;
IC;DIM_ESTADO;COD_PROCESO;uniqueidentifier;16;1;
IC;DIM_ESTADO_ACADEMICO;ID_ESTADO;int;4;1;
IC;DIM_ESTADO_ACADEMICO;COD_ESTADO;varchar;80;1;
IC;DIM_ESTADO_ACADEMICO;DESC_ESTADO;varchar;80;1;
IC;DIM_ESTADO_ACADEMICO;FEC_CREACION;datetime;8;1;
IC;DIM_ESTADO_ACADEMICO;USR_CREACION;varchar;80;1;
IC;DIM_ESTADO_ACADEMICO;SRV_CREACION;varchar;80;1;
IC;DIM_ESTADO_ACADEMICO;FEC_ACTUALIZACION;datetime;8;1;
IC;DIM_ESTADO_ACADEMICO;USR_ACTUALIZACION;varchar;80;1;
IC;DIM_ESTADO_ACADEMICO;SRV_ACTUALIZACION;varchar;80;1;
IC;DIM_ESTADO_ACADEMICO;COD_PROCESO;uniqueidentifier;16;1;
IC;DIM_MODALIDAD;ID_MODALIDAD;int;4;1;
IC;DIM_MODALIDAD;DESC_MODALIDAD;varchar;80;1;
IC;DIM_MODALIDAD;FEC_CREACION;datetime;8;1;
IC;DIM_MODALIDAD;USR_CREACION;varchar;80;1;
IC;DIM_MODALIDAD;SRV_CREACION;varchar;80;1;
IC;DIM_MODALIDAD;FEC_ACTUALIZACION;datetime;8;1;
IC;DIM_MODALIDAD;USR_ACTUALIZACION;varchar;80;1;
IC;DIM_MODALIDAD;SRV_ACTUALIZACION;varchar;80;1;
IC;DIM_MODALIDAD;COD_PROCESO;uniqueidentifier;16;1;
IC;DIM_MODALIDAD_ADMISION;ID_MODALIDAD_ADM;int;4;1;
IC;DIM_MODALIDAD_ADMISION;COD_MODALIDAD_ADM;varchar;80;1;
IC;DIM_MODALIDAD_ADMISION;DESC_MODALIDAD_ADM;varchar;200;1;
IC;DIM_MODALIDAD_ADMISION;FEC_CREACION;datetime;8;1;
IC;DIM_MODALIDAD_ADMISION;USR_CREACION;varchar;80;1;
IC;DIM_MODALIDAD_ADMISION;SRV_CREACION;varchar;80;1;
IC;DIM_MODALIDAD_ADMISION;FEC_ACTUALIZACION;datetime;8;1;
IC;DIM_MODALIDAD_ADMISION;USR_ACTUALIZACION;varchar;80;1;
IC;DIM_MODALIDAD_ADMISION;SRV_ACTUALIZACION;varchar;80;1;
IC;DIM_MODALIDAD_ADMISION;COD_PROCESO;uniqueidentifier;16;1;
IC;DIM_PARENTESCO;ID_PARENTESCO;numeric;9;0;
IC;DIM_PARENTESCO;CODIGOPAR;varchar;10;1;
IC;DIM_PARENTESCO;IDALUMNO;varchar;10;1;
IC;DIM_PARENTESCO;APPTPAR;varchar;200;1;
IC;DIM_PARENTESCO;APMATPAR;varchar;200;1;
IC;DIM_PARENTESCO;NOMBRESPAR;varchar;200;1;
IC;DIM_PARENTESCO;PARENTESCO;varchar;100;1;
IC;DIM_PARENTESCO;CELULAR;varchar;50;1;
IC;DIM_PARENTESCO;FEC_CREACION;datetime;8;1;
IC;DIM_PARENTESCO;USR_CREACION;varchar;80;1;
IC;DIM_PARENTESCO;SRV_CREACION;varchar;80;1;
IC;DIM_PARENTESCO;COD_PROCESO;uniqueidentifier;16;1;
IC;DIM_PERIODOACAD;ID_PERIODO;int;4;1;
IC;DIM_PERIODOACAD;COD_PERIODO;varchar;80;1;
IC;DIM_PERIODOACAD;DESC_PERIODO;varchar;80;1;
IC;DIM_PERIODOACAD;ANIO;varchar;20;1;
IC;DIM_PERIODOACAD;SEMESTRE;varchar;20;1;
IC;DIM_PERIODOACAD;FEC_CREACION;datetime;8;1;
IC;DIM_PERIODOACAD;USR_CREACION;varchar;80;1;
IC;DIM_PERIODOACAD;SRV_CREACION;varchar;80;1;
IC;DIM_PERIODOACAD;FEC_ACTUALIZACION;datetime;8;1;
IC;DIM_PERIODOACAD;USR_ACTUALIZACION;varchar;80;1;
IC;DIM_PERIODOACAD;SRV_ACTUALIZACION;varchar;80;1;
IC;DIM_PERIODOACAD;COD_PROCESO;uniqueidentifier;16;1;
IC;DIM_PLANESTUDIO;ID_PLANESTUDIO;int;4;1;
IC;DIM_PLANESTUDIO;COD_PLANESTUDIO;varchar;80;1;
IC;DIM_PLANESTUDIO;DESC_PLANESTUDIO;varchar;200;1;
IC;DIM_PLANESTUDIO;FEC_CREACION;datetime;8;1;
IC;DIM_PLANESTUDIO;USR_CREACION;varchar;80;1;
IC;DIM_PLANESTUDIO;SRV_CREACION;varchar;80;1;
IC;DIM_PLANESTUDIO;FEC_ACTUALIZACION;datetime;8;1;
IC;DIM_PLANESTUDIO;USR_ACTUALIZACION;varchar;80;1;
IC;DIM_PLANESTUDIO;SRV_ACTUALIZACION;varchar;80;1;
IC;DIM_PLANESTUDIO;COD_PROCESO;uniqueidentifier;16;1;
IC;DIM_PROGRAMAESTUDIOS;ID_PROGRAMA;int;4;1;
IC;DIM_PROGRAMAESTUDIOS;COD_PROGRAMA;varchar;80;1;
IC;DIM_PROGRAMAESTUDIOS;DESC_PROGRAMA;varchar;300;1;
IC;DIM_PROGRAMAESTUDIOS;DESC_PROGRAMA_2;varchar;300;1;
IC;DIM_PROGRAMAESTUDIOS;DESC_PROGRAMA_3;varchar;300;1;
IC;DIM_PROGRAMAESTUDIOS;ACTIVO;varchar;80;1;
IC;DIM_PROGRAMAESTUDIOS;FEC_CREACION;datetime;8;1;
IC;DIM_PROGRAMAESTUDIOS;USR_CREACION;varchar;80;1;
IC;DIM_PROGRAMAESTUDIOS;SRV_CREACION;varchar;80;1;
IC;DIM_PROGRAMAESTUDIOS;FEC_ACTUALIZACION;datetime;8;1;
IC;DIM_PROGRAMAESTUDIOS;USR_ACTUALIZACION;varchar;80;1;
IC;DIM_PROGRAMAESTUDIOS;SRV_ACTUALIZACION;varchar;80;1;
IC;DIM_PROGRAMAESTUDIOS;COD_PROCESO;uniqueidentifier;16;1;
IC;DIM_REQUISITO_ADMISION;ID_REQUISITO_ADM;int;4;1;
IC;DIM_REQUISITO_ADMISION;COD_REQUISITO_ADM;varchar;80;1;
IC;DIM_REQUISITO_ADMISION;DESC_REQUISITO_ADM;varchar;300;1;
IC;DIM_REQUISITO_ADMISION;FEC_CREACION;datetime;8;1;
IC;DIM_REQUISITO_ADMISION;USR_CREACION;varchar;80;1;
IC;DIM_REQUISITO_ADMISION;SRV_CREACION;varchar;80;1;
IC;DIM_REQUISITO_ADMISION;FEC_ACTUALIZACION;datetime;8;1;
IC;DIM_REQUISITO_ADMISION;USR_ACTUALIZACION;varchar;80;1;
IC;DIM_REQUISITO_ADMISION;SRV_ACTUALIZACION;varchar;80;1;
IC;DIM_REQUISITO_ADMISION;COD_PROCESO;uniqueidentifier;16;1;
IC;DIM_SECCION;ID_SECCION;int;4;1;
IC;DIM_SECCION;COD_PERIODO;varchar;80;1;
IC;DIM_SECCION;COD_SECCION;varchar;80;1;
IC;DIM_SECCION;FECHAINI;datetime;8;1;
IC;DIM_SECCION;FECHAFIN;datetime;8;1;
IC;DIM_SECCION;FEC_CREACION;datetime;8;1;
IC;DIM_SECCION;USR_CREACION;varchar;80;1;
IC;DIM_SECCION;SRV_CREACION;varchar;80;1;
IC;DIM_SECCION;FEC_ACTUALIZACION;datetime;8;1;
IC;DIM_SECCION;USR_ACTUALIZACION;varchar;80;1;
IC;DIM_SECCION;SRV_ACTUALIZACION;varchar;80;1;
IC;DIM_SECCION;COD_PROCESO;uniqueidentifier;16;1;
IC;DIM_SECCIONBLOQUE;ID_SECCIONBLOQUE;int;4;1;
IC;DIM_SECCIONBLOQUE;COD_PERIODO;varchar;80;1;
IC;DIM_SECCIONBLOQUE;COD_SECCION;varchar;80;1;
IC;DIM_SECCIONBLOQUE;COD_BLOQUE;varchar;80;1;
IC;DIM_SECCIONBLOQUE;COD_CORTE;varchar;80;1;
IC;DIM_SECCIONBLOQUE;FECHACORTE;datetime;8;1;
IC;DIM_SECCIONBLOQUE;FEC_CREACION;datetime;8;1;
IC;DIM_SECCIONBLOQUE;USR_CREACION;varchar;80;1;
IC;DIM_SECCIONBLOQUE;SRV_CREACION;varchar;80;1;
IC;DIM_SECCIONBLOQUE;FEC_ACTUALIZACION;datetime;8;1;
IC;DIM_SECCIONBLOQUE;USR_ACTUALIZACION;varchar;80;1;
IC;DIM_SECCIONBLOQUE;SRV_ACTUALIZACION;varchar;80;1;
IC;DIM_SECCIONBLOQUE;COD_PROCESO;uniqueidentifier;16;1;
IC;DIM_TIPO_FAMILIA;ID_TIPO_FAMILIA;numeric;9;0;SI
IC;DIM_TIPO_FAMILIA;DES_TIPO_FAMILIA;varchar;500;1;
IC;DIM_TIPO_FAMILIA;FEC_CREACION;datetime;8;1;
IC;DIM_TIPO_FAMILIA;USR_CREACION;varchar;80;1;
IC;DIM_TIPO_FAMILIA;SRV_CREACION;varchar;80;1;
IC;DIM_TIPO_FAMILIA;FEC_ACTUALIZACION;datetime;8;1;
IC;DIM_TIPO_FAMILIA;USR_ACTUALIZACION;varchar;80;1;
IC;DIM_TIPO_FAMILIA;SRV_ACTUALIZACION;varchar;80;1;
IC;DIM_TIPO_FAMILIA;COD_PROCESO;uniqueidentifier;16;1;
IC;DIM_TIPO_MATRICULA;ID_TIPOMATRICULA;int;4;1;
IC;DIM_TIPO_MATRICULA;COD_TIPOMATRICULA;varchar;80;1;
IC;DIM_TIPO_MATRICULA;DESC_TIPOMATRICULA;varchar;80;1;
IC;DIM_TIPO_MATRICULA;FEC_CREACION;datetime;8;1;
IC;DIM_TIPO_MATRICULA;USR_CREACION;varchar;80;1;
IC;DIM_TIPO_MATRICULA;SRV_CREACION;varchar;80;1;
IC;DIM_TIPO_MATRICULA;FEC_ACTUALIZACION;datetime;8;1;
IC;DIM_TIPO_MATRICULA;USR_ACTUALIZACION;varchar;80;1;
IC;DIM_TIPO_MATRICULA;SRV_ACTUALIZACION;varchar;80;1;
IC;DIM_TIPO_MATRICULA;COD_PROCESO;uniqueidentifier;16;1;
IC;DIM_TIPODISCAPACIDAD;IDTIPDISCAPACIDAD;varchar;5;1;
IC;DIM_TIPODISCAPACIDAD;TIPODISCAPACIDAD;varchar;100;1;
IC;DIM_TIPODISCAPACIDAD;ACTIVO;varchar;1;1;
IC;DIM_TRABAJADOR;ID_TRABAJADOR;int;4;1;
IC;DIM_TRABAJADOR;DNI;varchar;30;1;
IC;DIM_TRABAJADOR;APELLIDO_PATERNO;varchar;50;1;
IC;DIM_TRABAJADOR;APELLIDO_MATERNO;varchar;50;1;
IC;DIM_TRABAJADOR;NOMBRES;varchar;50;1;
IC;DIM_TRABAJADOR;DESC_TIPO_CONTRATO;varchar;200;1;
IC;DIM_TRABAJADOR;DESC_NIVEL_PROFESIONAL;varchar;200;1;
IC;DIM_TRABAJADOR;DESC_CARRERA_PROFESIONAL;varchar;300;1;
IC;DIM_TRABAJADOR;DESC_INSTITUTO_PROCEDENCIA;varchar;300;1;
IC;DIM_TRABAJADOR;ANIO_EGRESO_ESTUDIOS;varchar;15;1;
IC;DIM_TRABAJADOR;TELEFONO;varchar;15;1;
IC;DIM_TRABAJADOR;EMAIL;varchar;100;1;
IC;DIM_TRABAJADOR;FEC_CREACION;datetime;8;1;
IC;DIM_TRABAJADOR;USR_CREACION;varchar;80;1;
IC;DIM_TRABAJADOR;SRV_CREACION;varchar;80;1;
IC;DIM_TRABAJADOR;FEC_ACTUALIZACION;datetime;8;1;
IC;DIM_TRABAJADOR;USR_ACTUALIZACION;varchar;80;1;
IC;DIM_TRABAJADOR;SRV_ACTUALIZACION;varchar;80;1;
IC;DIM_TRABAJADOR;COD_PROCESO;uniqueidentifier;16;1;
IC;DIM_UNIDADDIDACTICA;ID_ASIGNATURA;int;4;1;
IC;DIM_UNIDADDIDACTICA;COD_PLANESTUDIO;varchar;80;1;
IC;DIM_UNIDADDIDACTICA;COD_ASIGNATURA;varchar;80;1;
IC;DIM_UNIDADDIDACTICA;DESC_ASIGNATURA;varchar;200;1;
IC;DIM_UNIDADDIDACTICA;DESC_ASIGNATURA_2;varchar;200;1;
IC;DIM_UNIDADDIDACTICA;ABREVIATURA;varchar;200;1;
IC;DIM_UNIDADDIDACTICA;FEC_CREACION;datetime;8;1;
IC;DIM_UNIDADDIDACTICA;USR_CREACION;varchar;80;1;
IC;DIM_UNIDADDIDACTICA;SRV_CREACION;varchar;80;1;
IC;DIM_UNIDADDIDACTICA;FEC_ACTUALIZACION;datetime;8;1;
IC;DIM_UNIDADDIDACTICA;USR_ACTUALIZACION;varchar;80;1;
IC;DIM_UNIDADDIDACTICA;SRV_ACTUALIZACION;varchar;80;1;
IC;DIM_UNIDADDIDACTICA;COD_PROCESO;uniqueidentifier;16;1;
IC;DIM_VIVIENDA_MATERIAL;ID_VIVIENDA_MATERIAL;numeric;9;0;SI
IC;DIM_VIVIENDA_MATERIAL;DES_VIVIENDA_MATERIAL;varchar;500;1;
IC;DIM_VIVIENDA_MATERIAL;FEC_CREACION;datetime;8;1;
IC;DIM_VIVIENDA_MATERIAL;USR_CREACION;varchar;80;1;
IC;DIM_VIVIENDA_MATERIAL;SRV_CREACION;varchar;80;1;
IC;DIM_VIVIENDA_MATERIAL;FEC_ACTUALIZACION;datetime;8;1;
IC;DIM_VIVIENDA_MATERIAL;USR_ACTUALIZACION;varchar;80;1;
IC;DIM_VIVIENDA_MATERIAL;SRV_ACTUALIZACION;varchar;80;1;
IC;DIM_VIVIENDA_MATERIAL;COD_PROCESO;uniqueidentifier;16;1;
IC;DIM_VIVIENDA_TENENCIA;ID_VIVIENDA_TENENCIA;numeric;9;0;SI
IC;DIM_VIVIENDA_TENENCIA;DES_VIVIENDA_TENENCIA;varchar;500;1;
IC;DIM_VIVIENDA_TENENCIA;FEC_CREACION;datetime;8;1;
IC;DIM_VIVIENDA_TENENCIA;USR_CREACION;varchar;80;1;
IC;DIM_VIVIENDA_TENENCIA;SRV_CREACION;varchar;80;1;
IC;DIM_VIVIENDA_TENENCIA;FEC_ACTUALIZACION;datetime;8;1;
IC;DIM_VIVIENDA_TENENCIA;USR_ACTUALIZACION;varchar;80;1;
IC;DIM_VIVIENDA_TENENCIA;SRV_ACTUALIZACION;varchar;80;1;
IC;DIM_VIVIENDA_TENENCIA;COD_PROCESO;uniqueidentifier;16;1;
IC;DIM_VIVIENDA_TIPO;ID_VIVIENDA_TIPO;numeric;9;0;SI
IC;DIM_VIVIENDA_TIPO;DES_VIVIENDA_TIPO;varchar;500;1;
IC;DIM_VIVIENDA_TIPO;FEC_CREACION;datetime;8;1;
IC;DIM_VIVIENDA_TIPO;USR_CREACION;varchar;80;1;
IC;DIM_VIVIENDA_TIPO;SRV_CREACION;varchar;80;1;
IC;DIM_VIVIENDA_TIPO;FEC_ACTUALIZACION;datetime;8;1;
IC;DIM_VIVIENDA_TIPO;USR_ACTUALIZACION;varchar;80;1;
IC;DIM_VIVIENDA_TIPO;SRV_ACTUALIZACION;varchar;80;1;
IC;DIM_VIVIENDA_TIPO;COD_PROCESO;uniqueidentifier;16;1;
IC;DIM_VIVIENDA_ZONA;ID_VIVIENDA_ZONA;numeric;9;0;SI
IC;DIM_VIVIENDA_ZONA;DES_VIVIENDA_ZONA;varchar;500;1;
IC;DIM_VIVIENDA_ZONA;FEC_CREACION;datetime;8;1;
IC;DIM_VIVIENDA_ZONA;USR_CREACION;varchar;80;1;
IC;DIM_VIVIENDA_ZONA;SRV_CREACION;varchar;80;1;
IC;DIM_VIVIENDA_ZONA;FEC_ACTUALIZACION;datetime;8;1;
IC;DIM_VIVIENDA_ZONA;USR_ACTUALIZACION;varchar;80;1;
IC;DIM_VIVIENDA_ZONA;SRV_ACTUALIZACION;varchar;80;1;
IC;DIM_VIVIENDA_ZONA;COD_PROCESO;uniqueidentifier;16;1;
IC;FCT_ADMISION;ID_TIEMPO_FECHA_EXAMEN;numeric;9;1;
IC;FCT_ADMISION;ID_TIEMPO_INICIO_CLASES;numeric;9;1;
IC;FCT_ADMISION;ID_ATENDEDOR_VENDEDOR;numeric;9;1;
IC;FCT_ADMISION;ID_PERIODO;numeric;9;1;
IC;FCT_ADMISION;ID_MODALIDAD;numeric;9;1;
IC;FCT_ADMISION;ID_PROGRAMA;numeric;9;1;
IC;FCT_ADMISION;ID_TIEMPO_FECHA_PAGO_INS;numeric;9;1;
IC;FCT_ADMISION;ID_TIEMPO_FECHA_PAGO_MAT;numeric;9;1;
IC;FCT_ADMISION;ID_TIEMPO_FECHA_PAGO_PENS1;numeric;9;1;
IC;FCT_ADMISION;ID_ESTUDIANTE;varchar;80;1;
IC;FCT_ADMISION;ID_PERSONA;numeric;9;1;
IC;FCT_ADMISION;PUNTAJE;decimal;9;1;
IC;FCT_ADMISION;FEC_CREACION;datetime;8;1;
IC;FCT_ADMISION;USR_CREACION;varchar;80;1;
IC;FCT_ADMISION;SRV_CREACION;varchar;80;1;
IC;FCT_ADMISION;FEC_ACTUALIZACION;datetime;8;1;
IC;FCT_ADMISION;USR_ACTUALIZACION;varchar;80;1;
IC;FCT_ADMISION;SRV_ACTUALIZACION;varchar;80;1;
IC;FCT_ADMISION;COD_PROCESO;uniqueidentifier;16;1;
IC;FCT_APTOS_REINCORPORAR;IDDependencia;varchar;80;1;
IC;FCT_APTOS_REINCORPORAR;IDSede;varchar;80;1;
IC;FCT_APTOS_REINCORPORAR;ID_PLANESTUDIO;varchar;80;1;
IC;FCT_APTOS_REINCORPORAR;ID_PROGRAMAESTUDIOS;varchar;80;1;
IC;FCT_APTOS_REINCORPORAR;ID_PERIODOACAD;varchar;80;1;
IC;FCT_APTOS_REINCORPORAR;ID_MODALIDAD;varchar;80;1;
IC;FCT_APTOS_REINCORPORAR;ID_SECCION;varchar;80;1;
IC;FCT_APTOS_REINCORPORAR;ID_FEC_FIN;varchar;80;1;
IC;FCT_APTOS_REINCORPORAR;Ciclo;varchar;80;1;
IC;FCT_APTOS_REINCORPORAR;ID_PERSONA;varchar;80;1;
IC;FCT_APTOS_REINCORPORAR;IDAlumno;varchar;80;1;
IC;FCT_APTOS_REINCORPORAR;ID_ESTADO_GENERAL;varchar;80;1;
IC;FCT_APTOS_REINCORPORAR;ID_ESTADO_CAJA;varchar;80;1;
IC;FCT_APTOS_REINCORPORAR;ID_TIPO_MATRICULA;varchar;80;1;
IC;FCT_APTOS_REINCORPORAR;IDEscuelaP;varchar;80;1;
IC;FCT_APTOS_REINCORPORAR;Reincorporado;varchar;80;1;
IC;FCT_APTOS_REINCORPORAR;nAsigMatSec;varchar;80;1;
IC;FCT_APTOS_REINCORPORAR;nAsigDesaSec;varchar;80;1;
IC;FCT_APTOS_REINCORPORAR;CONDICION;varchar;80;1;
IC;FCT_APTOS_REINCORPORAR;cicloApto;varchar;80;1;
IC;FCT_APTOS_REINCORPORAR;NUMASIGDESATOTAL;varchar;80;1;
IC;FCT_APTOS_REINCORPORAR;FEC_CREACION;datetime;8;1;
IC;FCT_APTOS_REINCORPORAR;USR_CREACION;varchar;80;1;
IC;FCT_APTOS_REINCORPORAR;SRV_CREACION;varchar;80;1;
IC;FCT_APTOS_REINCORPORAR;FEC_ACTUALIZACION;datetime;8;1;
IC;FCT_APTOS_REINCORPORAR;USR_ACTUALIZACION;varchar;80;1;
IC;FCT_APTOS_REINCORPORAR;SRV_ACTUALIZACION;varchar;80;1;
IC;FCT_APTOS_REINCORPORAR;COD_PROCESO;uniqueidentifier;16;1;
IC;FCT_APTOS_REINCORPORAR2;IDDependencia;varchar;80;1;
IC;FCT_APTOS_REINCORPORAR2;IDSede;varchar;80;1;
IC;FCT_APTOS_REINCORPORAR2;ID_PLANESTUDIO;varchar;80;1;
IC;FCT_APTOS_REINCORPORAR2;ID_PROGRAMAESTUDIOS;varchar;80;1;
IC;FCT_APTOS_REINCORPORAR2;ID_PERIODOACAD;varchar;80;1;
IC;FCT_APTOS_REINCORPORAR2;ID_MODALIDAD;varchar;80;1;
IC;FCT_APTOS_REINCORPORAR2;ID_SECCION;varchar;80;1;
IC;FCT_APTOS_REINCORPORAR2;ID_FEC_FIN;varchar;80;1;
IC;FCT_APTOS_REINCORPORAR2;Ciclo;varchar;80;1;
IC;FCT_APTOS_REINCORPORAR2;ID_PERSONA;varchar;80;1;
IC;FCT_APTOS_REINCORPORAR2;IDAlumno;varchar;80;1;
IC;FCT_APTOS_REINCORPORAR2;ID_ESTADO_GENERAL;varchar;80;1;
IC;FCT_APTOS_REINCORPORAR2;ID_ESTADO_CAJA;varchar;80;1;
IC;FCT_APTOS_REINCORPORAR2;ID_TIPO_MATRICULA;varchar;80;1;
IC;FCT_APTOS_REINCORPORAR2;IDEscuelaP;varchar;80;1;
IC;FCT_APTOS_REINCORPORAR2;Reincorporado;varchar;80;1;
IC;FCT_APTOS_REINCORPORAR2;nAsigMatSec;varchar;80;1;
IC;FCT_APTOS_REINCORPORAR2;nAsigDesaSec;varchar;80;1;
IC;FCT_APTOS_REINCORPORAR2;CONDICION;varchar;80;1;
IC;FCT_APTOS_REINCORPORAR2;cicloApto;varchar;80;1;
IC;FCT_APTOS_REINCORPORAR2;NUMASIGDESATOTAL;varchar;80;1;
IC;FCT_APTOS_REINCORPORAR2;FEC_CREACION;datetime;8;1;
IC;FCT_APTOS_REINCORPORAR2;USR_CREACION;varchar;80;1;
IC;FCT_APTOS_REINCORPORAR2;SRV_CREACION;varchar;80;1;
IC;FCT_APTOS_REINCORPORAR2;FEC_ACTUALIZACION;datetime;8;1;
IC;FCT_APTOS_REINCORPORAR2;USR_ACTUALIZACION;varchar;80;1;
IC;FCT_APTOS_REINCORPORAR2;SRV_ACTUALIZACION;varchar;80;1;
IC;FCT_APTOS_REINCORPORAR2;COD_PROCESO;uniqueidentifier;16;1;
IC;FCT_APTOS_REMATRICULAR;ID_ALUMNO;varchar;50;1;
IC;FCT_APTOS_REMATRICULAR;ID_PERSONA;varchar;50;1;
IC;FCT_APTOS_REMATRICULAR;ID_MODALIDAD;varchar;20;1;
IC;FCT_APTOS_REMATRICULAR;ID_PROGRAMAESTUDIOS;varchar;20;1;
IC;FCT_APTOS_REMATRICULAR;ID_PLANESTUDIO;varchar;20;1;
IC;FCT_APTOS_REMATRICULAR;ID_PERIODOACAD;varchar;20;1;
IC;FCT_APTOS_REMATRICULAR;ID_SECCION;varchar;20;1;
IC;FCT_APTOS_REMATRICULAR;ID_ESTADO_GENERAL;varchar;20;1;
IC;FCT_APTOS_REMATRICULAR;ID_ESTADO_CAJA;varchar;20;1;
IC;FCT_APTOS_REMATRICULAR;ID_TIPO_MATRICULA;varchar;20;1;
IC;FCT_APTOS_REMATRICULAR;CICLO;varchar;20;1;
IC;FCT_APTOS_REMATRICULAR;EsCicloMayor;int;4;1;
IC;FCT_APTOS_REMATRICULAR;UNI_CURSADAS;varchar;2;1;
IC;FCT_APTOS_REMATRICULAR;UNI_APROBADAS;varchar;2;1;
IC;FCT_APTOS_REMATRICULAR;UNI_DESAPROBADAS;varchar;2;1;
IC;FCT_APTOS_REMATRICULAR;CONDICION;varchar;2;1;
IC;FCT_APTOS_REMATRICULAR;UNI_DESAPROBADAS_PE;varchar;2;1;
IC;FCT_APTOS_REMATRICULAR;CICLO_PROMOVIDO;varchar;2;1;
IC;FCT_APTOS_REMATRICULAR;Deuda;decimal;13;1;
IC;FCT_APTOS_REMATRICULAR;Cuota_deuda;int;4;1;
IC;FCT_APTOS_REMATRICULAR;Deuda_Reccan;decimal;13;1;
IC;FCT_APTOS_REMATRICULAR;FEC_CREACION;datetime;8;1;
IC;FCT_APTOS_REMATRICULAR;USR_CREACION;varchar;80;1;
IC;FCT_APTOS_REMATRICULAR;SRV_CREACION;varchar;80;1;
IC;FCT_APTOS_REMATRICULAR;FEC_ACTUALIZACION;datetime;8;1;
IC;FCT_APTOS_REMATRICULAR;USR_ACTUALIZACION;varchar;80;1;
IC;FCT_APTOS_REMATRICULAR;SRV_ACTUALIZACION;varchar;80;1;
IC;FCT_APTOS_REMATRICULAR;COD_PROCESO;uniqueidentifier;16;1;
IC;FCT_ASISTENCIA;ID_ALUMNO;int;4;1;
IC;FCT_ASISTENCIA;ID_PERSONA;int;4;1;
IC;FCT_ASISTENCIA;ID_MODALIDAD;int;4;1;
IC;FCT_ASISTENCIA;ID_PLANESTUDIO;varchar;80;1;
IC;FCT_ASISTENCIA;ID_PROGRAMAESTUDIOS;int;4;1;
IC;FCT_ASISTENCIA;ID_PERIODOACAD;int;4;1;
IC;FCT_ASISTENCIA;ID_SECCION;int;4;1;
IC;FCT_ASISTENCIA;ID_UNIDADDIDACTICA;int;4;1;
IC;FCT_ASISTENCIA;ID_ESTADOGENERAL;int;4;1;
IC;FCT_ASISTENCIA;ID_ESTADOCAJA;int;4;1;
IC;FCT_ASISTENCIA;CICLO;varchar;80;1;
IC;FCT_ASISTENCIA;NROSESIONES;int;4;1;
IC;FCT_ASISTENCIA;NROFALTAS;int;4;1;
IC;FCT_ASISTENCIA;PORCFALTAS;decimal;9;1;
IC;FCT_ASISTENCIA;FEC_CREACION;datetime;8;1;
IC;FCT_ASISTENCIA;USR_CREACION;varchar;80;1;
IC;FCT_ASISTENCIA;SRV_CREACION;varchar;80;1;
IC;FCT_ASISTENCIA;FEC_ACTUALIZACION;datetime;8;1;
IC;FCT_ASISTENCIA;USR_ACTUALIZACION;varchar;80;1;
IC;FCT_ASISTENCIA;SRV_ACTUALIZACION;varchar;80;1;
IC;FCT_ASISTENCIA;COD_PROCESO;uniqueidentifier;16;1;
IC;FCT_ASISTENCIADOCENTES;ID_PLANESTUDIO;int;4;1;
IC;FCT_ASISTENCIADOCENTES;ID_MODALIDAD;int;4;1;
IC;FCT_ASISTENCIADOCENTES;ID_PROGRAMAESTUDIOS;int;4;1;
IC;FCT_ASISTENCIADOCENTES;ID_PERIODOACAD;int;4;1;
IC;FCT_ASISTENCIADOCENTES;ID_SECCION;int;4;1;
IC;FCT_ASISTENCIADOCENTES;ID_UNIDADDIDACTICA;int;4;1;
IC;FCT_ASISTENCIADOCENTES;ID_PERSONA;numeric;9;1;
IC;FCT_ASISTENCIADOCENTES;ID_DOCENTE;varchar;80;1;
IC;FCT_ASISTENCIADOCENTES;ID_TRABAJADOR;int;4;1;
IC;FCT_ASISTENCIADOCENTES;ASISTENCIAORDEN;int;4;1;
IC;FCT_ASISTENCIADOCENTES;FECHAASISTENCIA;date;3;1;
IC;FCT_ASISTENCIADOCENTES;HORAENTRADA;time;5;1;
IC;FCT_ASISTENCIADOCENTES;HORASALIDA;time;5;1;
IC;FCT_ASISTENCIADOCENTES;FIRMAASISTENCIA;int;4;1;
IC;FCT_ASISTENCIADOCENTES;FEC_CREACION;datetime;8;1;
IC;FCT_ASISTENCIADOCENTES;USR_CREACION;varchar;80;1;
IC;FCT_ASISTENCIADOCENTES;SRV_CREACION;varchar;80;1;
IC;FCT_ASISTENCIADOCENTES;FEC_ACTUALIZACION;datetime;8;1;
IC;FCT_ASISTENCIADOCENTES;USR_ACTUALIZACION;varchar;80;1;
IC;FCT_ASISTENCIADOCENTES;SRV_ACTUALIZACION;varchar;80;1;
IC;FCT_ASISTENCIADOCENTES;COD_PROCESO;uniqueidentifier;16;1;
IC;FCT_ASISTENCIADOCENTES;COD_AULA;varchar;10;1;
IC;FCT_BENEFICIOSSECCION;ID_ALUMNO;int;4;1;
IC;FCT_BENEFICIOSSECCION;ID_PERSONA;int;4;1;
IC;FCT_BENEFICIOSSECCION;ID_MODALIDAD;int;4;1;
IC;FCT_BENEFICIOSSECCION;ID_PLANESTUDIO;varchar;80;1;
IC;FCT_BENEFICIOSSECCION;ID_PROGRAMAESTUDIOS;int;4;1;
IC;FCT_BENEFICIOSSECCION;ID_PERIODOACAD;int;4;1;
IC;FCT_BENEFICIOSSECCION;ID_SECCION;int;4;1;
IC;FCT_BENEFICIOSSECCION;ID_ESCALA;varchar;80;1;
IC;FCT_BENEFICIOSSECCION;ID_ESTADOGENERAL;int;4;1;
IC;FCT_BENEFICIOSSECCION;ID_ESTADOCAJA;int;4;1;
IC;FCT_BENEFICIOSSECCION;CICLO;varchar;80;1;
IC;FCT_BENEFICIOSSECCION;BECA;varchar;255;1;
IC;FCT_BENEFICIOSSECCION;BECA18;varchar;255;1;
IC;FCT_BENEFICIOSSECCION;FEC_CREACION;datetime;8;1;
IC;FCT_BENEFICIOSSECCION;USR_CREACION;varchar;80;1;
IC;FCT_BENEFICIOSSECCION;SRV_CREACION;varchar;80;1;
IC;FCT_BENEFICIOSSECCION;FEC_ACTUALIZACION;datetime;8;1;
IC;FCT_BENEFICIOSSECCION;USR_ACTUALIZACION;varchar;80;1;
IC;FCT_BENEFICIOSSECCION;SRV_ACTUALIZACION;varchar;80;1;
IC;FCT_BENEFICIOSSECCION;COD_PROCESO;uniqueidentifier;16;1;
IC;FCT_CALIFICACIONESIDL;ID_PLANESTUDIO;int;4;1;
IC;FCT_CALIFICACIONESIDL;ID_MODALIDAD;int;4;1;
IC;FCT_CALIFICACIONESIDL;ID_PROGRAMAESTUDIOS;int;4;1;
IC;FCT_CALIFICACIONESIDL;ID_PERIODOACAD;int;4;1;
IC;FCT_CALIFICACIONESIDL;ID_SECCION;int;4;1;
IC;FCT_CALIFICACIONESIDL;ID_UNIDADDIDACTICA;int;4;1;
IC;FCT_CALIFICACIONESIDL;ID_PERSONADOCENTE;numeric;9;1;
IC;FCT_CALIFICACIONESIDL;ID_DOCENTE;varchar;80;1;
IC;FCT_CALIFICACIONESIDL;ID_PERSONAALUMNO;numeric;9;1;
IC;FCT_CALIFICACIONESIDL;ID_ALUMNO;numeric;9;1;
IC;FCT_CALIFICACIONESIDL;ID_ESTADOGENERAL;int;4;1;
IC;FCT_CALIFICACIONESIDL;NOTACE1;int;4;1;
IC;FCT_CALIFICACIONESIDL;NOTACE2;int;4;1;
IC;FCT_CALIFICACIONESIDL;NOTACE3;int;4;1;
IC;FCT_CALIFICACIONESIDL;NOTACELOGRO;int;4;1;
IC;FCT_CALIFICACIONESIDL;NOTARECUPERACION;int;4;1;
IC;FCT_CALIFICACIONESIDL;NOTAFINAL;int;4;1;
IC;FCT_CALIFICACIONESIDL;CICLO;varchar;80;1;
IC;FCT_CALIFICACIONESIDL;FEC_CREACION;datetime;8;1;
IC;FCT_CALIFICACIONESIDL;USR_CREACION;varchar;80;1;
IC;FCT_CALIFICACIONESIDL;SRV_CREACION;varchar;80;1;
IC;FCT_CALIFICACIONESIDL;FEC_ACTUALIZACION;datetime;8;1;
IC;FCT_CALIFICACIONESIDL;USR_ACTUALIZACION;varchar;80;1;
IC;FCT_CALIFICACIONESIDL;SRV_ACTUALIZACION;varchar;80;1;
IC;FCT_CALIFICACIONESIDL;COD_PROCESO;uniqueidentifier;16;1;
IC;FCT_CALIFICACIONESIDL;FECHANOTAFINAL;date;3;1;
IC;FCT_CALIFICACIONESIDL;CONVALIDADO;char;1;1;
IC;FCT_CALIFICACIONESIDL;TIPO_MATRICULA;varchar;80;1;
IC;FCT_CALIFICACIONESIDL;REINCORPORADO;varchar;80;1;
IC;FCT_CARGADONOTAS;ID_PLANESTUDIO;int;4;1;
IC;FCT_CARGADONOTAS;ID_MODALIDAD;int;4;1;
IC;FCT_CARGADONOTAS;ID_PROGRAMAESTUDIOS;int;4;1;
IC;FCT_CARGADONOTAS;ID_PERIODOACAD;int;4;1;
IC;FCT_CARGADONOTAS;ID_SECCION;int;4;1;
IC;FCT_CARGADONOTAS;ID_UNIDADDIDACTICA;int;4;1;
IC;FCT_CARGADONOTAS;ID_PERSONA;numeric;9;1;
IC;FCT_CARGADONOTAS;ID_DOCENTE;varchar;80;1;
IC;FCT_CARGADONOTAS;ID_TRABAJADOR;int;4;1;
IC;FCT_CARGADONOTAS;ID_SECCIONBLOQUE;int;4;1;
IC;FCT_CARGADONOTAS;ID_CORTE;varchar;80;1;
IC;FCT_CARGADONOTAS;FECHACARGA;datetime;8;1;
IC;FCT_CARGADONOTAS;FEC_CREACION;datetime;8;1;
IC;FCT_CARGADONOTAS;USR_CREACION;varchar;80;1;
IC;FCT_CARGADONOTAS;SRV_CREACION;varchar;80;1;
IC;FCT_CARGADONOTAS;FEC_ACTUALIZACION;datetime;8;1;
IC;FCT_CARGADONOTAS;USR_ACTUALIZACION;varchar;80;1;
IC;FCT_CARGADONOTAS;SRV_ACTUALIZACION;varchar;80;1;
IC;FCT_CARGADONOTAS;COD_PROCESO;uniqueidentifier;16;1;
IC;FCT_CIERRE_MES;ID_MODALIDAD;varchar;80;1;
IC;FCT_CIERRE_MES;ID_PERIODOACAD;varchar;80;1;
IC;FCT_CIERRE_MES;ID_SECCION;varchar;80;1;
IC;FCT_CIERRE_MES;ID_PROGRAMAESTUDIOS;varchar;80;1;
IC;FCT_CIERRE_MES;TOTMAT;varchar;80;1;
IC;FCT_CIERRE_MES;nCanRepSem;varchar;80;1;
IC;FCT_CIERRE_MES;nCanRepUd;varchar;80;1;
IC;FCT_CIERRE_MES;nCanAbanReg;varchar;80;1;
IC;FCT_CIERRE_MES;nCanAbanRepUd;varchar;80;1;
IC;FCT_CIERRE_MES;nCanAbanRepSem;varchar;80;1;
IC;FCT_CIERRE_MES;nCanRetReg;varchar;80;1;
IC;FCT_CIERRE_MES;nCanRetRepUd;varchar;80;1;
IC;FCT_CIERRE_MES;nCanRetRepSem;varchar;80;1;
IC;FCT_CIERRE_MES;nCanResReg;varchar;80;1;
IC;FCT_CIERRE_MES;nCanResRepUd;varchar;80;1;
IC;FCT_CIERRE_MES;nCanResRepSem;varchar;80;1;
IC;FCT_CIERRE_MES;nCanMatReg;varchar;80;1;
IC;FCT_CIERRE_MES;nEscA;varchar;80;1;
IC;FCT_CIERRE_MES;nEscB;varchar;80;1;
IC;FCT_CIERRE_MES;nEscC;varchar;80;1;
IC;FCT_CIERRE_MES;nEscD;varchar;80;1;
IC;FCT_CIERRE_MES;IDConcepto;varchar;80;1;
IC;FCT_CIERRE_MES;CantDeudores;varchar;80;1;
IC;FCT_CIERRE_MES;DeuCuota;decimal;9;1;
IC;FCT_CIERRE_MES;SumPens;decimal;9;1;
IC;FCT_CIERRE_MES;SumMat;decimal;9;1;
IC;FCT_CIERRE_MES;MES;varchar;80;1;
IC;FCT_CIERRE_MES;ANIO;varchar;80;1;
IC;FCT_CIERRE_MES;TotalRecudarmes;decimal;9;1;
IC;FCT_CIERRE_MES;TotalRecaudar;decimal;9;1;
IC;FCT_CIERRE_MES;FEC_CREACION;datetime;8;1;
IC;FCT_CIERRE_MES;USR_CREACION;varchar;80;1;
IC;FCT_CIERRE_MES;SRV_CREACION;varchar;80;1;
IC;FCT_CIERRE_MES;FEC_ACTUALIZACION;datetime;8;1;
IC;FCT_CIERRE_MES;USR_ACTUALIZACION;varchar;80;1;
IC;FCT_CIERRE_MES;SRV_ACTUALIZACION;varchar;80;1;
IC;FCT_CIERRE_MES;COD_PROCESO;uniqueidentifier;16;1;
IC;FCT_CONVALIDACIONES;ID_PLANESTUDIO;int;4;1;
IC;FCT_CONVALIDACIONES;ID_MODALIDAD;int;4;1;
IC;FCT_CONVALIDACIONES;ID_PROGRAMAESTUDIOS;int;4;1;
IC;FCT_CONVALIDACIONES;ID_PERIODOACAD;int;4;1;
IC;FCT_CONVALIDACIONES;ID_SECCION;int;4;1;
IC;FCT_CONVALIDACIONES;ID_UNIDADDIDACTICA;int;4;1;
IC;FCT_CONVALIDACIONES;ID_ESTADOGENERAL;int;4;1;
IC;FCT_CONVALIDACIONES;ID_PERSONA;numeric;9;1;
IC;FCT_CONVALIDACIONES;ID_ALUMNO;varchar;80;1;
IC;FCT_CONVALIDACIONES;CICLO;varchar;80;1;
IC;FCT_CONVALIDACIONES;RESOLUCION;varchar;300;1;
IC;FCT_CONVALIDACIONES;OBSERVACION;varchar;300;1;
IC;FCT_CONVALIDACIONES;CONVALIDADO;varchar;5;1;
IC;FCT_CONVALIDACIONES;FEC_CREACION;datetime;8;1;
IC;FCT_CONVALIDACIONES;USR_CREACION;varchar;80;1;
IC;FCT_CONVALIDACIONES;SRV_CREACION;varchar;80;1;
IC;FCT_CONVALIDACIONES;FEC_ACTUALIZACION;datetime;8;1;
IC;FCT_CONVALIDACIONES;USR_ACTUALIZACION;varchar;80;1;
IC;FCT_CONVALIDACIONES;SRV_ACTUALIZACION;varchar;80;1;
IC;FCT_CONVALIDACIONES;COD_PROCESO;uniqueidentifier;16;1;
IC;FCT_DETALLEMATRICULA;ID_ALUMNO;int;4;1;
IC;FCT_DETALLEMATRICULA;ID_PERSONA;int;4;1;
IC;FCT_DETALLEMATRICULA;ID_MODALIDAD;int;4;1;
IC;FCT_DETALLEMATRICULA;ID_PLANESTUDIO;varchar;80;1;
IC;FCT_DETALLEMATRICULA;ID_PROGRAMAESTUDIOS;int;4;1;
IC;FCT_DETALLEMATRICULA;ID_PERIODOACAD;int;4;1;
IC;FCT_DETALLEMATRICULA;ID_SECCION;int;4;1;
IC;FCT_DETALLEMATRICULA;ID_UNIDADDIDACTICA;int;4;1;
IC;FCT_DETALLEMATRICULA;ID_CRITERIO;varchar;80;1;
IC;FCT_DETALLEMATRICULA;ID_LOGRO;varchar;80;1;
IC;FCT_DETALLEMATRICULA;ID_ESTADOGENERAL;int;4;1;
IC;FCT_DETALLEMATRICULA;CICLO;varchar;80;1;
IC;FCT_DETALLEMATRICULA;IDMODALIDAD;varchar;80;1;
IC;FCT_DETALLEMATRICULA;NOTAI1;int;4;1;
IC;FCT_DETALLEMATRICULA;NOTAI2;int;4;1;
IC;FCT_DETALLEMATRICULA;NOTAI3;int;4;1;
IC;FCT_DETALLEMATRICULA;PESON1;int;4;1;
IC;FCT_DETALLEMATRICULA;PESON2;int;4;1;
IC;FCT_DETALLEMATRICULA;PESON3;int;4;1;
IC;FCT_DETALLEMATRICULA;LOGRO;int;4;1;
IC;FCT_DETALLEMATRICULA;RECUPERACION;int;4;1;
IC;FCT_DETALLEMATRICULA;CELOGRO;int;4;1;
IC;FCT_DETALLEMATRICULA;CERECUPERACION;int;4;1;
IC;FCT_DETALLEMATRICULA;FEC_CREACION;datetime;8;1;
IC;FCT_DETALLEMATRICULA;USR_CREACION;varchar;80;1;
IC;FCT_DETALLEMATRICULA;SRV_CREACION;varchar;80;1;
IC;FCT_DETALLEMATRICULA;FEC_ACTUALIZACION;datetime;8;1;
IC;FCT_DETALLEMATRICULA;USR_ACTUALIZACION;varchar;80;1;
IC;FCT_DETALLEMATRICULA;SRV_ACTUALIZACION;varchar;80;1;
IC;FCT_DETALLEMATRICULA;COD_PROCESO;uniqueidentifier;16;1;
IC;FCT_DEUDA;ID_ALUMNO;int;4;1;
IC;FCT_DEUDA;ID_PERSONA;int;4;1;
IC;FCT_DEUDA;ID_MODALIDAD;int;4;1;
IC;FCT_DEUDA;ID_PLANESTUDIO;varchar;80;1;
IC;FCT_DEUDA;ID_PROGRAMAESTUDIOS;int;4;1;
IC;FCT_DEUDA;ID_PERIODOACAD;int;4;1;
IC;FCT_DEUDA;ID_SECCION;int;4;1;
IC;FCT_DEUDA;ID_ESTADOGENERAL;int;4;1;
IC;FCT_DEUDA;ID_ESTADOCAJA;int;4;1;
IC;FCT_DEUDA;ID_CONCEPTO;varchar;80;1;
IC;FCT_DEUDA;CICLO;varchar;80;1;
IC;FCT_DEUDA;FECCARGO;datetime;8;1;
IC;FCT_DEUDA;DEUDA;decimal;9;1;
IC;FCT_DEUDA;CARGO;decimal;9;1;
IC;FCT_DEUDA;DESCMORA;decimal;9;1;
IC;FCT_DEUDA;ABONO;decimal;9;1;
IC;FCT_DEUDA;DESCUENTO;decimal;9;1;
IC;FCT_DEUDA;FECPRORROGA;datetime;8;1;
IC;FCT_DEUDA;FEC_CREACION;datetime;8;1;
IC;FCT_DEUDA;USR_CREACION;varchar;80;1;
IC;FCT_DEUDA;SRV_CREACION;varchar;80;1;
IC;FCT_DEUDA;FEC_ACTUALIZACION;datetime;8;1;
IC;FCT_DEUDA;USR_ACTUALIZACION;varchar;80;1;
IC;FCT_DEUDA;SRV_ACTUALIZACION;varchar;80;1;
IC;FCT_DEUDA;COD_PROCESO;uniqueidentifier;16;1;
IC;FCT_DOCENTESACTIVOS;ID_PLANESTUDIO;int;4;1;
IC;FCT_DOCENTESACTIVOS;ID_MODALIDAD;int;4;1;
IC;FCT_DOCENTESACTIVOS;ID_PROGRAMAESTUDIOS;int;4;1;
IC;FCT_DOCENTESACTIVOS;ID_PERIODOACAD;int;4;1;
IC;FCT_DOCENTESACTIVOS;ID_SECCION;int;4;1;
IC;FCT_DOCENTESACTIVOS;ID_UNIDADDIDACTICA;int;4;1;
IC;FCT_DOCENTESACTIVOS;ID_PERSONA;numeric;9;1;
IC;FCT_DOCENTESACTIVOS;ID_DOCENTE;varchar;80;1;
IC;FCT_DOCENTESACTIVOS;ID_TRABAJADOR;int;4;1;
IC;FCT_DOCENTESACTIVOS;ID_TIPOHORA;varchar;80;1;
IC;FCT_DOCENTESACTIVOS;FECHAINI;datetime;8;1;
IC;FCT_DOCENTESACTIVOS;FECHAFIN;datetime;8;1;
IC;FCT_DOCENTESACTIVOS;SEMANASDURACION;int;4;1;
IC;FCT_DOCENTESACTIVOS;HORASPROGRAMADAS;int;4;1;
IC;FCT_DOCENTESACTIVOS;FEC_CREACION;datetime;8;1;
IC;FCT_DOCENTESACTIVOS;USR_CREACION;varchar;80;1;
IC;FCT_DOCENTESACTIVOS;SRV_CREACION;varchar;80;1;
IC;FCT_DOCENTESACTIVOS;FEC_ACTUALIZACION;datetime;8;1;
IC;FCT_DOCENTESACTIVOS;USR_ACTUALIZACION;varchar;80;1;
IC;FCT_DOCENTESACTIVOS;SRV_ACTUALIZACION;varchar;80;1;
IC;FCT_DOCENTESACTIVOS;COD_PROCESO;uniqueidentifier;16;1;
IC;FCT_DOCSPOSTULANTES;ID_PLANESTUDIO;int;4;1;
IC;FCT_DOCSPOSTULANTES;ID_MODALIDAD;int;4;1;
IC;FCT_DOCSPOSTULANTES;ID_PROGRAMAESTUDIOS;int;4;1;
IC;FCT_DOCSPOSTULANTES;ID_PERIODOACAD;int;4;1;
IC;FCT_DOCSPOSTULANTES;ID_SECCION;int;4;1;
IC;FCT_DOCSPOSTULANTES;ID_PERSONA;numeric;9;1;
IC;FCT_DOCSPOSTULANTES;ID_ALUMNO;numeric;9;1;
IC;FCT_DOCSPOSTULANTES;ID_MODALIDADADM;int;4;1;
IC;FCT_DOCSPOSTULANTES;ID_REQUISITOADM;int;4;1;
IC;FCT_DOCSPOSTULANTES;CANTENTREGADA;int;4;1;
IC;FCT_DOCSPOSTULANTES;FECHAENTREGA;datetime;8;1;
IC;FCT_DOCSPOSTULANTES;FECHACOMPROMISO;datetime;8;1;
IC;FCT_DOCSPOSTULANTES;OBSERVACION;varchar;300;1;
IC;FCT_DOCSPOSTULANTES;ESTADOFOTOGRAFIA;int;4;1;
IC;FCT_DOCSPOSTULANTES;FEC_CREACION;datetime;8;1;
IC;FCT_DOCSPOSTULANTES;USR_CREACION;varchar;80;1;
IC;FCT_DOCSPOSTULANTES;SRV_CREACION;varchar;80;1;
IC;FCT_DOCSPOSTULANTES;FEC_ACTUALIZACION;datetime;8;1;
IC;FCT_DOCSPOSTULANTES;USR_ACTUALIZACION;varchar;80;1;
IC;FCT_DOCSPOSTULANTES;SRV_ACTUALIZACION;varchar;80;1;
IC;FCT_DOCSPOSTULANTES;COD_PROCESO;uniqueidentifier;16;1;
IC;FCT_DOCSPOSTULANTES;ID_ESTADOGENERAL;int;4;1;
IC;FCT_EGRESADOSAPTOS;ID_PLANESTUDIO;int;4;1;
IC;FCT_EGRESADOSAPTOS;ID_MODALIDAD;int;4;1;
IC;FCT_EGRESADOSAPTOS;ID_PROGRAMAESTUDIOS;int;4;1;
IC;FCT_EGRESADOSAPTOS;ID_PERIODOACAD;int;4;1;
IC;FCT_EGRESADOSAPTOS;ID_SECCION;int;4;1;
IC;FCT_EGRESADOSAPTOS;ID_PERSONA;numeric;9;1;
IC;FCT_EGRESADOSAPTOS;ID_ALUMNO;numeric;9;1;
IC;FCT_EGRESADOSAPTOS;CICLO;varchar;80;1;
IC;FCT_EGRESADOSAPTOS;CICLOAPTO;int;4;1;
IC;FCT_EGRESADOSAPTOS;NUMASIGDESA;int;4;1;
IC;FCT_EGRESADOSAPTOS;APTOORA;int;4;1;
IC;FCT_EGRESADOSAPTOS;ESTADOMODULO1;int;4;1;
IC;FCT_EGRESADOSAPTOS;ESTADOMODULO2;int;4;1;
IC;FCT_EGRESADOSAPTOS;ESTADOMODULO3;int;4;1;
IC;FCT_EGRESADOSAPTOS;APTOOVIE;int;4;1;
IC;FCT_EGRESADOSAPTOS;ESTADOCERTIFICADOEGRESADO;int;4;1;
IC;FCT_EGRESADOSAPTOS;FEC_CREACION;datetime;8;1;
IC;FCT_EGRESADOSAPTOS;USR_CREACION;varchar;80;1;
IC;FCT_EGRESADOSAPTOS;SRV_CREACION;varchar;80;1;
IC;FCT_EGRESADOSAPTOS;FEC_ACTUALIZACION;datetime;8;1;
IC;FCT_EGRESADOSAPTOS;USR_ACTUALIZACION;varchar;80;1;
IC;FCT_EGRESADOSAPTOS;SRV_ACTUALIZACION;varchar;80;1;
IC;FCT_EGRESADOSAPTOS;COD_PROCESO;uniqueidentifier;16;1;
IC;FCT_EGRESADOSAPTOS;NUMEROCERTIFICADOEGRESADO;varchar;80;1;
IC;FCT_EGRESADOSAPTOS;FECHACERTIFICADOEGRESADO;datetime;8;1;
IC;FCT_EGRESADOSAPTOS;ESTADOCERTIFICADOBACHILLER;int;4;1;
IC;FCT_EGRESADOSAPTOS;ESTADOCERTIFICADOTITULO;int;4;1;
IC;FCT_EGRESADOSAPTOS;PERIODOMIN;varchar;80;1;
IC;FCT_FICHA_SOCIO_ECONOMICA;ID_PERIODO;numeric;9;1;
IC;FCT_FICHA_SOCIO_ECONOMICA;ID_MODALIDAD;numeric;9;1;
IC;FCT_FICHA_SOCIO_ECONOMICA;ID_PROGRAMA;numeric;9;1;
IC;FCT_FICHA_SOCIO_ECONOMICA;ID_SECCION;numeric;9;1;
IC;FCT_FICHA_SOCIO_ECONOMICA;CICLO;int;4;1;
IC;FCT_FICHA_SOCIO_ECONOMICA;ID_ESTUDIANTE;numeric;9;1;
IC;FCT_FICHA_SOCIO_ECONOMICA;ID_PERSONA;numeric;9;1;
IC;FCT_FICHA_SOCIO_ECONOMICA;ID_ESTADO;numeric;9;1;
IC;FCT_FICHA_SOCIO_ECONOMICA;DEPENDIENTE_ECONO;int;4;1;
IC;FCT_FICHA_SOCIO_ECONOMICA;RESPONSABLE;varchar;80;1;
IC;FCT_FICHA_SOCIO_ECONOMICA;CONDICION_LABORAL;int;4;1;
IC;FCT_FICHA_SOCIO_ECONOMICA;DEPENDIENTES;int;4;1;
IC;FCT_FICHA_SOCIO_ECONOMICA;INGRESO;float;8;1;
IC;FCT_FICHA_SOCIO_ECONOMICA;EGRESO;float;8;1;
IC;FCT_FICHA_SOCIO_ECONOMICA;ID_TIPO_FAMILIA;numeric;9;1;
IC;FCT_FICHA_SOCIO_ECONOMICA;ID_VIVIENDA_TENENCIA;numeric;9;1;
IC;FCT_FICHA_SOCIO_ECONOMICA;ID_VIVIENDA_ZONA;numeric;9;1;
IC;FCT_FICHA_SOCIO_ECONOMICA;ID_VIVIENDA_TIPO;numeric;9;1;
IC;FCT_FICHA_SOCIO_ECONOMICA;ID_VIVIENDA_MATERIAL;numeric;9;1;
IC;FCT_FICHA_SOCIO_ECONOMICA;AMBIENTES;varchar;300;1;
IC;FCT_FICHA_SOCIO_ECONOMICA;SERVICIOS;varchar;300;1;
IC;FCT_FICHA_SOCIO_ECONOMICA;COMODIDADES;varchar;300;1;
IC;FCT_FICHA_SOCIO_ECONOMICA;FEC_CREACION;datetime;8;1;
IC;FCT_FICHA_SOCIO_ECONOMICA;USR_CREACION;varchar;80;1;
IC;FCT_FICHA_SOCIO_ECONOMICA;SRV_CREACION;varchar;80;1;
IC;FCT_FICHA_SOCIO_ECONOMICA;FEC_ACTUALIZACION;datetime;8;1;
IC;FCT_FICHA_SOCIO_ECONOMICA;USR_ACTUALIZACION;varchar;80;1;
IC;FCT_FICHA_SOCIO_ECONOMICA;SRV_ACTUALIZACION;varchar;80;1;
IC;FCT_FICHA_SOCIO_ECONOMICA;COD_PROCESO;uniqueidentifier;16;1;
IC;FCT_FICHA_SOCIO_ECONOMICA;CALUAFISIS;varchar;1;1;
IC;FCT_FICHA_SOCIO_ECONOMICA;CALUAFIESS;varchar;1;1;
IC;FCT_FICHA_SOCIO_ECONOMICA;CALUAFIOTR;varchar;1;1;
IC;FCT_FICHA_SOCIO_ECONOMICA;CALUAFIESP;varchar;50;1;
IC;FCT_FICHA_SOCIO_ECONOMICA;CALUAFINING;varchar;1;1;
IC;FCT_FICHA_SOCIO_ECONOMICA;TIENEDISCAPACIDAD;varchar;1;1;
IC;FCT_FICHA_SOCIO_ECONOMICA;TIPODISCAPACIDAD;varchar;2;1;
IC;FCT_FICHA_SOCIO_ECONOMICA;OBSDISCAPACIDAD;varchar;500;1;
IC;FCT_FICHA_SOCIO_ECONOMICA;OCUPACION_LABORAL;varchar;100;1;
IC;FCT_FICHA_SOCIO_ECONOMICA;DONDE_LABORA;varchar;100;1;
IC;FCT_FICHA_SOCIO_ECONOMICA;CONDICION_LABORAL_TIPO;varchar;100;1;
IC;FCT_FICHA_SOCIO_ECONOMICA;APE_PAT_PARENTESCO;varchar;100;1;
IC;FCT_FICHA_SOCIO_ECONOMICA;APE_MAT_PARENTESCO;varchar;100;1;
IC;FCT_FICHA_SOCIO_ECONOMICA;NOMBRES_PARENTESCO;varchar;100;1;
IC;FCT_FICHA_SOCIO_ECONOMICA;EST_CIVIL_PARENTESCO;varchar;50;1;
IC;FCT_FICHA_SOCIO_ECONOMICA;PARENTESCO;varchar;50;1;
IC;FCT_FICHA_SOCIO_ECONOMICA;NIVEL_EDU_PARENTESCO;varchar;100;1;
IC;FCT_FICHA_SOCIO_ECONOMICA;PROFESION_OCUPACION_PARENTESCO;varchar;100;1;
IC;FCT_FICHA_SOCIO_ECONOMICA;OCUPACION_PARENTESCO;varchar;100;1;
IC;FCT_FICHA_SOCIO_ECONOMICA;ESTABLE_CONTRATADO_PARENTESCO;varchar;50;1;
IC;FCT_FICHA_SOCIO_ECONOMICA;CENTRO_TRABAJO_PARENTESCO;varchar;100;1;
IC;FCT_FICHA_SOCIO_ECONOMICA;LUGAR_RESIDENCIA_PARENTESCO;varchar;100;1;
IC;FCT_FICHA_SOCIO_ECONOMICA;TIPO_DOCUMENTO_PARENTESCO;varchar;50;1;
IC;FCT_FICHA_SOCIO_ECONOMICA;DNI_PARENTESCO;varchar;10;1;
IC;FCT_FICHA_SOCIO_ECONOMICA;CELULAR_PARENTESCO;varchar;50;1;
IC;FCT_FICHA_SOCIO_ECONOMICA;FEC_NAC_PARENTESCO;varchar;50;1;
IC;FCT_FICHA_SOCIO_ECONOMICA;VIVE;varchar;100;1;
IC;FCT_MATRICULA;ID_ALUMNO;int;4;1;
IC;FCT_MATRICULA;ID_PERSONA;int;4;1;
IC;FCT_MATRICULA;ID_MODALIDAD;int;4;1;
IC;FCT_MATRICULA;ID_PLANESTUDIO;varchar;80;1;
IC;FCT_MATRICULA;ID_PROGRAMAESTUDIOS;int;4;1;
IC;FCT_MATRICULA;ID_PERIODOACAD;int;4;1;
IC;FCT_MATRICULA;ID_SECCION;int;4;1;
IC;FCT_MATRICULA;ID_ESTADOGENERAL;int;4;1;
IC;FCT_MATRICULA;ID_ESTADOCAJA;int;4;1;
IC;FCT_MATRICULA;CICLO;varchar;80;1;
IC;FCT_MATRICULA;MOTIVOABANDONO;varchar;2000;1;
IC;FCT_MATRICULA;UNIDCUR;int;4;1;
IC;FCT_MATRICULA;UNIDDES;int;4;1;
IC;FCT_MATRICULA;PROMNOTA;decimal;9;1;
IC;FCT_MATRICULA;UNIDDESPROG;int;4;1;
IC;FCT_MATRICULA;FEC_CREACION;datetime;8;1;
IC;FCT_MATRICULA;USR_CREACION;varchar;80;1;
IC;FCT_MATRICULA;SRV_CREACION;varchar;80;1;
IC;FCT_MATRICULA;FEC_ACTUALIZACION;datetime;8;1;
IC;FCT_MATRICULA;USR_ACTUALIZACION;varchar;80;1;
IC;FCT_MATRICULA;SRV_ACTUALIZACION;varchar;80;1;
IC;FCT_MATRICULA;COD_PROCESO;uniqueidentifier;16;1;
IC;FCT_MODULARESAPTOS;ID_PLANESTUDIO;int;4;1;
IC;FCT_MODULARESAPTOS;ID_MODALIDAD;int;4;1;
IC;FCT_MODULARESAPTOS;ID_PROGRAMAESTUDIOS;int;4;1;
IC;FCT_MODULARESAPTOS;ID_PERIODOACAD;int;4;1;
IC;FCT_MODULARESAPTOS;ID_SECCION;int;4;1;
IC;FCT_MODULARESAPTOS;ID_PERSONA;numeric;9;1;
IC;FCT_MODULARESAPTOS;ID_ALUMNO;numeric;9;1;
IC;FCT_MODULARESAPTOS;CICLO;varchar;80;1;
IC;FCT_MODULARESAPTOS;PROGRAMAMIN;varchar;80;1;
IC;FCT_MODULARESAPTOS;PERIODOMIN;varchar;80;1;
IC;FCT_MODULARESAPTOS;SECCIONMIN;varchar;80;1;
IC;FCT_MODULARESAPTOS;MODULO;varchar;80;1;
IC;FCT_MODULARESAPTOS;ESTADOMODULO;varchar;80;1;
IC;FCT_MODULARESAPTOS;FEC_CREACION;datetime;8;1;
IC;FCT_MODULARESAPTOS;USR_CREACION;varchar;80;1;
IC;FCT_MODULARESAPTOS;SRV_CREACION;varchar;80;1;
IC;FCT_MODULARESAPTOS;FEC_ACTUALIZACION;datetime;8;1;
IC;FCT_MODULARESAPTOS;USR_ACTUALIZACION;varchar;80;1;
IC;FCT_MODULARESAPTOS;SRV_ACTUALIZACION;varchar;80;1;
IC;FCT_MODULARESAPTOS;COD_PROCESO;uniqueidentifier;16;1;
IC;FCT_MODULARESAPTOS;ID_ESTADO;int;4;1;
IC;FCT_MODULARESAPTOS;REINCORPORADO;varchar;1;1;
IC;FCT_MODULARESAPTOS;TIPOMATRICULA;varchar;2;1;
IC;FCT_POBLACION_ESTADO;ID_MODALIDAD;int;4;1;
IC;FCT_POBLACION_ESTADO;ID_PLANESTUDIO;varchar;80;1;
IC;FCT_POBLACION_ESTADO;ID_PROGRAMAESTUDIOS;int;4;1;
IC;FCT_POBLACION_ESTADO;ID_PERIODOACAD;int;4;1;
IC;FCT_POBLACION_ESTADO;ID_SECCION;int;4;0;
IC;FCT_POBLACION_ESTADO;CICLO;char;2;1;
IC;FCT_POBLACION_ESTADO;NCANREPSEM;int;4;1;
IC;FCT_POBLACION_ESTADO;NCANREPUD;int;4;1;
IC;FCT_POBLACION_ESTADO;NCANABANREG;int;4;1;
IC;FCT_POBLACION_ESTADO;NCANABANREPUD;int;4;1;
IC;FCT_POBLACION_ESTADO;NCANABANREPSEM;int;4;1;
IC;FCT_POBLACION_ESTADO;NCANRETREG;int;4;1;
IC;FCT_POBLACION_ESTADO;NCANRETREPUD;int;4;1;
IC;FCT_POBLACION_ESTADO;NCANRETREPSEM;int;4;1;
IC;FCT_POBLACION_ESTADO;NCANRESREG;int;4;1;
IC;FCT_POBLACION_ESTADO;NCANRESREPUD;int;4;1;
IC;FCT_POBLACION_ESTADO;NCANRESREPSEM;int;4;1;
IC;FCT_POBLACION_ESTADO;NCANMATREG;int;4;1;
IC;FCT_POBLACION_ESTADO;MES;nvarchar;8000;1;
IC;FCT_POBLACION_ESTADO;AÑO;int;4;1;
IC;FCT_POBLACION_ESTADO;FEC_CREACION;datetime;8;1;
IC;FCT_POBLACION_ESTADO;USR_CREACION;varchar;80;1;
IC;FCT_POBLACION_ESTADO;SRV_CREACION;varchar;80;1;
IC;FCT_POBLACION_ESTADO;FEC_ACTUALIZACION;datetime;8;1;
IC;FCT_POBLACION_ESTADO;USR_ACTUALIZACION;varchar;80;1;
IC;FCT_POBLACION_ESTADO;SRV_ACTUALIZACION;varchar;80;1;
IC;FCT_POBLACION_ESTADO;COD_PROCESO;uniqueidentifier;16;1;
IC;FCT_REMATRICULADOS;ID_ALUMNO;varchar;50;1;
IC;FCT_REMATRICULADOS;ID_PERSONA;varchar;50;1;
IC;FCT_REMATRICULADOS;ID_MODALIDAD;varchar;20;1;
IC;FCT_REMATRICULADOS;ID_PROGRAMAESTUDIOS;varchar;20;1;
IC;FCT_REMATRICULADOS;ID_PLANESTUDIO;varchar;20;1;
IC;FCT_REMATRICULADOS;ID_PERIODOACAD;varchar;20;1;
IC;FCT_REMATRICULADOS;ID_SECCION;varchar;20;1;
IC;FCT_REMATRICULADOS;ID_ESTADO_GENERAL;varchar;20;1;
IC;FCT_REMATRICULADOS;ID_ESTADO_CAJA;varchar;20;1;
IC;FCT_REMATRICULADOS;ID_TIPO_MATRICULA;varchar;20;1;
IC;FCT_REMATRICULADOS;CICLO;varchar;20;1;
IC;FCT_REMATRICULADOS;EsCicloMayor;int;4;1;
IC;FCT_REMATRICULADOS;UNI_CURSADAS;varchar;2;1;
IC;FCT_REMATRICULADOS;UNI_APROBADAS;varchar;2;1;
IC;FCT_REMATRICULADOS;UNI_DESAPROBADAS;varchar;2;1;
IC;FCT_REMATRICULADOS;CONDICION;varchar;2;1;
IC;FCT_REMATRICULADOS;UNI_DESAPROBADAS_PE;varchar;2;1;
IC;FCT_REMATRICULADOS;CICLO_PROMOVIDO;varchar;2;1;
IC;FCT_REMATRICULADOS;Deuda;decimal;13;1;
IC;FCT_REMATRICULADOS;Cuota_deuda;int;4;1;
IC;FCT_REMATRICULADOS;Deuda_Reccan;decimal;13;1;
IC;FCT_REMATRICULADOS;EsAbonoMatCuo;varchar;2;1;
IC;FCT_REMATRICULADOS;FEC_CREACION;datetime;8;1;
IC;FCT_REMATRICULADOS;USR_CREACION;varchar;80;1;
IC;FCT_REMATRICULADOS;SRV_CREACION;varchar;80;1;
IC;FCT_REMATRICULADOS;FEC_ACTUALIZACION;datetime;8;1;
IC;FCT_REMATRICULADOS;USR_ACTUALIZACION;varchar;80;1;
IC;FCT_REMATRICULADOS;SRV_ACTUALIZACION;varchar;80;1;
IC;FCT_REMATRICULADOS;COD_PROCESO;uniqueidentifier;16;1;
IC;FCT_REMATRICULADOS;REMATRICULADO;char;1;1;
PSG;DIM_AREA_CONOCIMIENTO;ID_AREA_CONOCIMIENTO;numeric;9;0;SI
PSG;DIM_AREA_CONOCIMIENTO;DES_AREA_CONOCIMIENTO;varchar;100;1;
PSG;DIM_AREA_CONOCIMIENTO;FEC_CREACION;datetime;8;1;
PSG;DIM_AREA_CONOCIMIENTO;USR_CREACION;varchar;80;1;
PSG;DIM_AREA_CONOCIMIENTO;SRV_CREACION;varchar;80;1;
PSG;DIM_AREA_CONOCIMIENTO;FEC_ACTUALIZACION;datetime;8;1;
PSG;DIM_AREA_CONOCIMIENTO;USR_ACTUALIZACION;varchar;80;1;
PSG;DIM_AREA_CONOCIMIENTO;SRV_ACTUALIZACION;varchar;80;1;
PSG;DIM_AREA_CONOCIMIENTO;COD_PROCESO;uniqueidentifier;16;1;
PSG;DIM_ESTADO;ID_ESTADO;numeric;9;0;SI
PSG;DIM_ESTADO;DES_ESTADO;varchar;100;1;
PSG;DIM_ESTADO;FEC_CREACION;datetime;8;1;
PSG;DIM_ESTADO;USR_CREACION;varchar;80;1;
PSG;DIM_ESTADO;SRV_CREACION;varchar;80;1;
PSG;DIM_ESTADO;FEC_ACTUALIZACION;datetime;8;1;
PSG;DIM_ESTADO;USR_ACTUALIZACION;varchar;80;1;
PSG;DIM_ESTADO;SRV_ACTUALIZACION;varchar;80;1;
PSG;DIM_ESTADO;COD_PROCESO;uniqueidentifier;16;1;
PSG;DIM_ESTUDIANTE;ID_ESTUDIANTE;numeric;9;0;SI
PSG;DIM_ESTUDIANTE;ID_PERSONA;numeric;9;0;
PSG;DIM_ESTUDIANTE;COD_ESTUDIANTE;varchar;20;0;
PSG;DIM_ESTUDIANTE;PIDM_ESTUDIANTE;numeric;9;1;
PSG;DIM_ESTUDIANTE;ID_NIVEL;numeric;5;1;
PSG;DIM_ESTUDIANTE;ID_CAMPUS;numeric;9;1;
PSG;DIM_ESTUDIANTE;ID_MODALIDAD;numeric;9;1;
PSG;DIM_ESTUDIANTE;ID_TIPO_PROGRAMA;numeric;9;1;
PSG;DIM_ESTUDIANTE;ID_PROGRAMA;numeric;9;1;
PSG;DIM_ESTUDIANTE;CATALOGO;varchar;6;1;
PSG;DIM_ESTUDIANTE;FEC_CREACION;datetime;8;1;
PSG;DIM_ESTUDIANTE;USR_CREACION;varchar;80;1;
PSG;DIM_ESTUDIANTE;SRV_CREACION;varchar;80;1;
PSG;DIM_ESTUDIANTE;FEC_ACTUALIZACION;datetime;8;1;
PSG;DIM_ESTUDIANTE;USR_ACTUALIZACION;varchar;80;1;
PSG;DIM_ESTUDIANTE;SRV_ACTUALIZACION;varchar;80;1;
PSG;DIM_ESTUDIANTE;COD_PROCESO;uniqueidentifier;16;1;
PSG;DIM_GESTOR;ID_GESTOR;numeric;9;0;SI
PSG;DIM_GESTOR;COD_GESTOR;numeric;9;0;
PSG;DIM_GESTOR;NOMBRES;varchar;100;1;
PSG;DIM_GESTOR;APELLIDOS;varchar;100;1;
PSG;DIM_GESTOR;NRO_DOC;varchar;20;1;
PSG;DIM_GESTOR;FEC_CREACION;datetime;8;1;
PSG;DIM_GESTOR;USR_CREACION;varchar;80;1;
PSG;DIM_GESTOR;SRV_CREACION;varchar;80;1;
PSG;DIM_GESTOR;FEC_ACTUALIZACION;datetime;8;1;
PSG;DIM_GESTOR;USR_ACTUALIZACION;varchar;80;1;
PSG;DIM_GESTOR;SRV_ACTUALIZACION;varchar;80;1;
PSG;DIM_GESTOR;COD_PROCESO;uniqueidentifier;16;1;
PSG;DIM_MODALIDAD;ID_MODALIDAD;numeric;9;0;SI
PSG;DIM_MODALIDAD;DES_MODALIDAD;varchar;80;1;
PSG;DIM_MODALIDAD;FEC_CREACION;datetime;8;1;
PSG;DIM_MODALIDAD;USR_CREACION;varchar;80;1;
PSG;DIM_MODALIDAD;SRV_CREACION;varchar;80;1;
PSG;DIM_MODALIDAD;FEC_ACTUALIZACION;datetime;8;1;
PSG;DIM_MODALIDAD;USR_ACTUALIZACION;varchar;80;1;
PSG;DIM_MODALIDAD;SRV_ACTUALIZACION;varchar;80;1;
PSG;DIM_MODALIDAD;COD_PROCESO;uniqueidentifier;16;1;
PSG;DIM_MOTIVO;ID_MOTIVO;numeric;9;0;SI
PSG;DIM_MOTIVO;DES_MOTIVO;varchar;100;1;
PSG;DIM_MOTIVO;FEC_CREACION;datetime;8;1;
PSG;DIM_MOTIVO;USR_CREACION;varchar;80;1;
PSG;DIM_MOTIVO;SRV_CREACION;varchar;80;1;
PSG;DIM_MOTIVO;FEC_ACTUALIZACION;datetime;8;1;
PSG;DIM_MOTIVO;USR_ACTUALIZACION;varchar;80;1;
PSG;DIM_MOTIVO;SRV_ACTUALIZACION;varchar;80;1;
PSG;DIM_MOTIVO;COD_PROCESO;uniqueidentifier;16;1;
PSG;DIM_PROGRAMA;ID_PROGRAMA;numeric;9;0;SI
PSG;DIM_PROGRAMA;DES_PROGRAMA;varchar;150;1;
PSG;DIM_PROGRAMA;FEC_CREACION;datetime;8;1;
PSG;DIM_PROGRAMA;USR_CREACION;varchar;80;1;
PSG;DIM_PROGRAMA;SRV_CREACION;varchar;80;1;
PSG;DIM_PROGRAMA;FEC_ACTUALIZACION;datetime;8;1;
PSG;DIM_PROGRAMA;USR_ACTUALIZACION;varchar;80;1;
PSG;DIM_PROGRAMA;SRV_ACTUALIZACION;varchar;80;1;
PSG;DIM_PROGRAMA;COD_PROCESO;uniqueidentifier;16;1;
PSG;DIM_SECCION;ID_SECCION;numeric;9;0;SI
PSG;DIM_SECCION;DES_BLOQUE_SECCION;varchar;80;1;
PSG;DIM_SECCION;FEC_CREACION;datetime;8;1;
PSG;DIM_SECCION;USR_CREACION;varchar;80;1;
PSG;DIM_SECCION;SRV_CREACION;varchar;80;1;
PSG;DIM_SECCION;FEC_ACTUALIZACION;datetime;8;1;
PSG;DIM_SECCION;USR_ACTUALIZACION;varchar;80;1;
PSG;DIM_SECCION;SRV_ACTUALIZACION;varchar;80;1;
PSG;DIM_SECCION;COD_PROCESO;uniqueidentifier;16;1;
PSG;DIM_TIPO_PROGRAMA;ID_TIPO_PROGRAMA;numeric;9;0;SI
PSG;DIM_TIPO_PROGRAMA;DES_TIPO_PROGRAMA;varchar;100;1;
PSG;DIM_TIPO_PROGRAMA;FEC_CREACION;datetime;8;1;
PSG;DIM_TIPO_PROGRAMA;USR_CREACION;varchar;80;1;
PSG;DIM_TIPO_PROGRAMA;SRV_CREACION;varchar;80;1;
PSG;DIM_TIPO_PROGRAMA;FEC_ACTUALIZACION;datetime;8;1;
PSG;DIM_TIPO_PROGRAMA;USR_ACTUALIZACION;varchar;80;1;
PSG;DIM_TIPO_PROGRAMA;SRV_ACTUALIZACION;varchar;80;1;
PSG;DIM_TIPO_PROGRAMA;COD_PROCESO;uniqueidentifier;16;1;
PSG;FCT_MATRICULA;PIDM_ESTUDIANTE;numeric;9;0;SI
PSG;FCT_MATRICULA;ID_ESTUDIANTE;numeric;9;0;SI
PSG;FCT_MATRICULA;ID_PERSONA;numeric;9;0;SI
PSG;FCT_MATRICULA;ID_PERIODO;numeric;9;0;SI
PSG;FCT_MATRICULA;ID_NIVEL;numeric;9;0;SI
PSG;FCT_MATRICULA;ID_CAMPUS;numeric;9;0;SI
PSG;FCT_MATRICULA;ID_MODALIDAD;numeric;9;0;SI
PSG;FCT_MATRICULA;ID_TIPO_PROGRAMA;numeric;9;0;SI
PSG;FCT_MATRICULA;ID_PROGRAMA;numeric;9;0;SI
PSG;FCT_MATRICULA;ID_ESTADO;numeric;9;0;SI
PSG;FCT_MATRICULA;ID_MOTIVO;numeric;9;0;SI
PSG;FCT_MATRICULA;ID_AREA_CONOCIMIENTO;numeric;9;0;
PSG;FCT_MATRICULA;ID_SECCION;numeric;9;0;SI
PSG;FCT_MATRICULA;ID_GESTOR;numeric;9;0;SI
PSG;FCT_MATRICULA;ID_FECHA_MATRICULA;numeric;9;0;SI
PSG;FCT_MATRICULA;ID_FECHA_INICIO;numeric;9;0;
PSG;FCT_MATRICULA;ID_FECHA_FIN;numeric;9;0;
PSG;FCT_MATRICULA;ID_FECHA_CORTE;numeric;9;0;
PSG;FCT_MATRICULA;CATALOGO;varchar;6;0;SI
PSG;FCT_MATRICULA;INDICADOR_MATRICULA;numeric;5;0;
PSG;FCT_MATRICULA;ESTADO_ACTIVO;numeric;5;0;SI
PSG;FCT_MATRICULA;FEC_CREACION;datetime;8;1;
PSG;FCT_MATRICULA;USR_CREACION;varchar;80;1;
PSG;FCT_MATRICULA;SRV_CREACION;varchar;80;1;
PSG;FCT_MATRICULA;FEC_ACTUALIZACION;datetime;8;1;
PSG;FCT_MATRICULA;USR_ACTUALIZACION;varchar;80;1;
PSG;FCT_MATRICULA;SRV_ACTUALIZACION;varchar;80;1;
PSG;FCT_MATRICULA;COD_PROCESO;uniqueidentifier;16;1;
